artist_1	artist_2	count	song_ids
Dalex	Lenny Tavárez	11	['1Xnn1TPyr5h0hpRAT4B4EA', '5Id5B3dxJZhPcV9GzgYZZe', '7anSoGdgtmJTAPZBzcPhO6', '224EVTFiLsdQignUFLvDeH', '1tpbAGsGpZee5jDHMcLrUJ', '5stPVcRqb4qixbafP9e8lt', '1k1CJlU1eAEpAbNK0TVeKD', '7fODjB7BrQTGqh0hogW6XD', '7g8YaUQABMal0zWe7a2ijz', '4AjWbAwRpxk2worpjNH5CS', '1ndyl3wJCFs872XZ3ztPk6']
Bad Bunny	J Balvin	10	['7alOsNr36sJ8CyOEP4aILq', '71pEiUWwfDFiRO6RmFpnBf', '0uIfrUwwg0Z7KTitul7E3T', '25ZAibhr3bdlMCLmubZDVt', '7knLcYCOSaURD0d7HUULFM', '7hynhxDoDpgMIV12JuVtNa', '58q2HKrzhC3ozto2nDdN4z', '4R8BJggjosTswLxtkw8V7P', '0fea68AdmYNygeTGI4RC18', '6SYSu569pfYdkDT9A5lZqi']
Capital Bra	Samra	10	['4Rif4wqdvzy84dhP1apC4Y', '6fDC5DIa4bt6NbPZWR1yxM', '67ojvEGRPAUCOohuMPqoRC', '6AFIVhbJLR7YVvW9fLFMu1', '2pfio0uHpT4USTPBNeTIWo', '1VEMUkGFio5uURvN8x1DZJ', '5sdQ7VUx6GOfsRoSxnK1YG', '2kkcJ8tSDV42LdWcPjy6We', '3drwaFqLSEjqzjNRbjap0R', '1mdJ39D1lrR3aWIOhgeNaE']
Nicky Jam	Sech	8	['7anSoGdgtmJTAPZBzcPhO6', '4bTZeO72FwMa6wKOiqoynL', '684EjRHwNsZQ9hCQxL4NYL', '3KekO5WUfJsh7kYU9o2w50', '1k1CJlU1eAEpAbNK0TVeKD', '3dWpRjCmaHbroNahuSeX11', '7fODjB7BrQTGqh0hogW6XD', '26Qhn2T88XqVinXQpmSarj']
Anuel AA	Ozuna	7	['3jbT1Y5MoPwEIpZndDDwVq', '4bTZeO72FwMa6wKOiqoynL', '37zdqI4r1gswIzczSBkRon', '7mWFF4gPADjTQjC97CgFVt', '3cg9A9GVyZAT2CPevqWr65', '59PYgzOiOjGDzjDT5N5oOX', '2ksOAxtIxY8yElEWw8RhgK']
Dalex	Sech	7	['5Id5B3dxJZhPcV9GzgYZZe', '7anSoGdgtmJTAPZBzcPhO6', '224EVTFiLsdQignUFLvDeH', '1k1CJlU1eAEpAbNK0TVeKD', '7fODjB7BrQTGqh0hogW6XD', '7g8YaUQABMal0zWe7a2ijz', '4AjWbAwRpxk2worpjNH5CS']
Lenny Tavárez	Sech	7	['5Id5B3dxJZhPcV9GzgYZZe', '7anSoGdgtmJTAPZBzcPhO6', '224EVTFiLsdQignUFLvDeH', '1k1CJlU1eAEpAbNK0TVeKD', '7fODjB7BrQTGqh0hogW6XD', '7g8YaUQABMal0zWe7a2ijz', '4AjWbAwRpxk2worpjNH5CS']
Dalex	Justin Quiles	7	['1Xnn1TPyr5h0hpRAT4B4EA', '5Id5B3dxJZhPcV9GzgYZZe', '7anSoGdgtmJTAPZBzcPhO6', '1k1CJlU1eAEpAbNK0TVeKD', '7fODjB7BrQTGqh0hogW6XD', '4AjWbAwRpxk2worpjNH5CS', '1ndyl3wJCFs872XZ3ztPk6']
Justin Quiles	Lenny Tavárez	7	['1Xnn1TPyr5h0hpRAT4B4EA', '5Id5B3dxJZhPcV9GzgYZZe', '7anSoGdgtmJTAPZBzcPhO6', '1k1CJlU1eAEpAbNK0TVeKD', '7fODjB7BrQTGqh0hogW6XD', '4AjWbAwRpxk2worpjNH5CS', '1ndyl3wJCFs872XZ3ztPk6']
Farruko	Sech	5	['684EjRHwNsZQ9hCQxL4NYL', '3dWpRjCmaHbroNahuSeX11', '1k1CJlU1eAEpAbNK0TVeKD', '7fODjB7BrQTGqh0hogW6XD', '6K5BsR04ijf3FHNzjbaagD']
Dalex	Feid	5	['5Id5B3dxJZhPcV9GzgYZZe', '7anSoGdgtmJTAPZBzcPhO6', '224EVTFiLsdQignUFLvDeH', '7g8YaUQABMal0zWe7a2ijz', '4AjWbAwRpxk2worpjNH5CS']
Feid	Lenny Tavárez	5	['5Id5B3dxJZhPcV9GzgYZZe', '7anSoGdgtmJTAPZBzcPhO6', '224EVTFiLsdQignUFLvDeH', '7g8YaUQABMal0zWe7a2ijz', '4AjWbAwRpxk2worpjNH5CS']
Feid	Sech	5	['5Id5B3dxJZhPcV9GzgYZZe', '7anSoGdgtmJTAPZBzcPhO6', '224EVTFiLsdQignUFLvDeH', '7g8YaUQABMal0zWe7a2ijz', '4AjWbAwRpxk2worpjNH5CS']
Travis Scott	Young Thug	5	['4ea9w8c4ROqiZpJVhfBA3m', '56AMYGJzxBO6p8v0wEe9de', '7DcvwMAiqKJQD1rrdfxSDx', '3RZftiuTcLOqpsd8ZlwNhr', '3s4mrPrEFFPF0LmAfutW0n']
Justin Quiles	Sech	5	['5Id5B3dxJZhPcV9GzgYZZe', '7anSoGdgtmJTAPZBzcPhO6', '1k1CJlU1eAEpAbNK0TVeKD', '7fODjB7BrQTGqh0hogW6XD', '4AjWbAwRpxk2worpjNH5CS']
Farruko	Nicky Jam	5	['684EjRHwNsZQ9hCQxL4NYL', '3dWpRjCmaHbroNahuSeX11', '1k1CJlU1eAEpAbNK0TVeKD', '7fODjB7BrQTGqh0hogW6XD', '2IA8cFA46DkjgbsRG7kKbp']
Anuel AA	KAROL G	4	['2ksOAxtIxY8yElEWw8RhgK', '6q8Lb50EtqNeeJXXe8mMAH', '5J64qSSq0VZuh0CiI9o9Nq', '5W83ErFkO3aKAIS1WMi6u0']
Post Malone	Swae Lee	4	['7dbka99KTWke5o9hRp0JoB', '0RiRZpuVRbi7oqRdSMwhQY', '3KkXRkHbMCARz0aVfEt68P', '4VqTRBvYg0z8C4nsl4Hupy']
Dreamville	J. Cole	4	['4eqrNsKy9Mvg1fvfsTVIAE', '36J0iaPDGbYGsHvYpaYs3k', '3pZO6GoVPeSYDxxsH6vCdj', '6MF4tRr5lU8qok8IKaFOBE']
Gunna	Young Thug	4	['6igOR5QCn09zAVF2ikZjsV', '4ea9w8c4ROqiZpJVhfBA3m', '56AMYGJzxBO6p8v0wEe9de', '5Z8HZM6iQMhhqyPcCGY5g9']
Camilo	Mau y Ricky	4	['56f5qnyAlZdlz8wrUDA50h', '0s5DNDV6LAKn2u2Ufa3VjQ', '0UQwlF2pRkr1lMN6kNNUj3', '2EEmzqzM70CybVspgM7YRT']
Anuel AA	Daddy Yankee	4	['2ksOAxtIxY8yElEWw8RhgK', '6MJUCumnQsQEKbCy28tbCP', '59PYgzOiOjGDzjDT5N5oOX', '7mWFF4gPADjTQjC97CgFVt']
Sech	Zion	4	['4AjWbAwRpxk2worpjNH5CS', '6K5BsR04ijf3FHNzjbaagD', '5Id5B3dxJZhPcV9GzgYZZe', '684EjRHwNsZQ9hCQxL4NYL']
5 Seconds of Summer	The Chainsmokers	4	['11cDEev79fPKi6uJCjUhu8', '5rAtoPMDrOFN5wLdM6YmRx', '7ql71hBakyMi0Lxiq3Mugs', '5QiNbIilmMiMBXvaAlf7lN']
J Balvin	Tyga	4	['1jlnBQGP2DtSEhMgQaz7a7', '6osaMSJh9NguagEDQcZaKx', '1f38Gx6xQz6r4H1jGVNBJo', '1fBXSMOusjaj7GjzErHmUI']
Dalex	Farruko	4	['1k1CJlU1eAEpAbNK0TVeKD', '7fODjB7BrQTGqh0hogW6XD', '1ndyl3wJCFs872XZ3ztPk6', '1Xnn1TPyr5h0hpRAT4B4EA']
Farruko	Justin Quiles	4	['1k1CJlU1eAEpAbNK0TVeKD', '7fODjB7BrQTGqh0hogW6XD', '1ndyl3wJCFs872XZ3ztPk6', '1Xnn1TPyr5h0hpRAT4B4EA']
Farruko	Lenny Tavárez	4	['1k1CJlU1eAEpAbNK0TVeKD', '7fODjB7BrQTGqh0hogW6XD', '1ndyl3wJCFs872XZ3ztPk6', '1Xnn1TPyr5h0hpRAT4B4EA']
Darell	Nicky Jam	3	['3V8UKqhEK5zBkBb6d6ub8i', '4lzxJ4jCuFDXXGkE1LmpKR', '4bTZeO72FwMa6wKOiqoynL']
Darell	Ozuna	3	['3V8UKqhEK5zBkBb6d6ub8i', '59PYgzOiOjGDzjDT5N5oOX', '4bTZeO72FwMa6wKOiqoynL']
Nicky Jam	Ozuna	3	['3V8UKqhEK5zBkBb6d6ub8i', '4bTZeO72FwMa6wKOiqoynL', '6v0lAdFF4haL8xjBIUjtOw']
Anuel AA	DJ Luian	3	['7dNwJbsT0sg1le5kVugGJb', '4lzxJ4jCuFDXXGkE1LmpKR', '5J64qSSq0VZuh0CiI9o9Nq']
Anuel AA	Mambo Kingz	3	['7dNwJbsT0sg1le5kVugGJb', '4lzxJ4jCuFDXXGkE1LmpKR', '5J64qSSq0VZuh0CiI9o9Nq']
DJ Luian	Mambo Kingz	3	['7dNwJbsT0sg1le5kVugGJb', '4lzxJ4jCuFDXXGkE1LmpKR', '5J64qSSq0VZuh0CiI9o9Nq']
Aloe Blacc	Avicii	3	['6nDKrPlXdpomGBgAlO7UdP', '2x0RZdkZcD8QRI53XT4GI5', '0n2nEtLP3OzDdi12ziIekx']
Dreamville	Young Nudy	3	['4eqrNsKy9Mvg1fvfsTVIAE', '36J0iaPDGbYGsHvYpaYs3k', '3pZO6GoVPeSYDxxsH6vCdj']
J. Cole	Young Nudy	3	['4eqrNsKy9Mvg1fvfsTVIAE', '36J0iaPDGbYGsHvYpaYs3k', '3pZO6GoVPeSYDxxsH6vCdj']
ILLENIUM	Lennon Stella	3	['6wo37KVqFJhtuxPTpLCcfe', '3g0mEQx3NTanacLseoP0Gw', '63VyEdzMM3w4ZQ1WtARa2S']
ILLENIUM	The Chainsmokers	3	['6wo37KVqFJhtuxPTpLCcfe', '3g0mEQx3NTanacLseoP0Gw', '63VyEdzMM3w4ZQ1WtARa2S']
Lennon Stella	The Chainsmokers	3	['6wo37KVqFJhtuxPTpLCcfe', '3g0mEQx3NTanacLseoP0Gw', '63VyEdzMM3w4ZQ1WtARa2S']
Bebe Rexha	The Chainsmokers	3	['6IJTc8xo6XasOU8fpxMU57', '1SNiXDwSilLujcYdvfqVpT', '05CwHjIk71RXVU40boRMnR']
Daddy Yankee	Ozuna	3	['2ksOAxtIxY8yElEWw8RhgK', '59PYgzOiOjGDzjDT5N5oOX', '7mWFF4gPADjTQjC97CgFVt']
Farruko	Zion	3	['6K5BsR04ijf3FHNzjbaagD', '1ndyl3wJCFs872XZ3ztPk6', '684EjRHwNsZQ9hCQxL4NYL']
Europa	Jax Jones	3	['11o2y87vqODipLK98a1v34', '3O83h4LS797N23DpweeRAa', '5naYe7rLMZcLfO1DKg48MK']
Europa	Madison Beer	3	['11o2y87vqODipLK98a1v34', '3O83h4LS797N23DpweeRAa', '5naYe7rLMZcLfO1DKg48MK']
Europa	Martin Solveig	3	['11o2y87vqODipLK98a1v34', '3O83h4LS797N23DpweeRAa', '5naYe7rLMZcLfO1DKg48MK']
Jax Jones	Madison Beer	3	['11o2y87vqODipLK98a1v34', '3O83h4LS797N23DpweeRAa', '5naYe7rLMZcLfO1DKg48MK']
Jax Jones	Martin Solveig	3	['11o2y87vqODipLK98a1v34', '3O83h4LS797N23DpweeRAa', '5naYe7rLMZcLfO1DKg48MK']
Madison Beer	Martin Solveig	3	['11o2y87vqODipLK98a1v34', '3O83h4LS797N23DpweeRAa', '5naYe7rLMZcLfO1DKg48MK']
Eminem	Logic	3	['0Lw6aQcBFWTQ9m4MSwwwes', '2MuMD298IpYqKF367wegUd', '7M2tXmeS15NAzEn7ABFeBg']
Juice WRLD	Lil Tecca	3	['5DSfqrLkUHLZ9bW0SS3rVy', '0DZJACISivjWjscIp5Kg1q', '2WsuSYJNXGKXVYkHPnq2yp']
Diplo	LSD	3	['2c7GlMNmF7pbohjykutmLP', '6Dma0t0hOe6Bd6u5YRKF3n', '3Y7a0typ6ik1KscmebXd6D']
Diplo	Labrinth	3	['2c7GlMNmF7pbohjykutmLP', '6Dma0t0hOe6Bd6u5YRKF3n', '3Y7a0typ6ik1KscmebXd6D']
Diplo	Sia	3	['2c7GlMNmF7pbohjykutmLP', '6Dma0t0hOe6Bd6u5YRKF3n', '3Y7a0typ6ik1KscmebXd6D']
LSD	Labrinth	3	['2c7GlMNmF7pbohjykutmLP', '6Dma0t0hOe6Bd6u5YRKF3n', '3Y7a0typ6ik1KscmebXd6D']
LSD	Sia	3	['2c7GlMNmF7pbohjykutmLP', '6Dma0t0hOe6Bd6u5YRKF3n', '3Y7a0typ6ik1KscmebXd6D']
Labrinth	Sia	3	['2c7GlMNmF7pbohjykutmLP', '6Dma0t0hOe6Bd6u5YRKF3n', '3Y7a0typ6ik1KscmebXd6D']
Dalex	Rafa Pabön	3	['224EVTFiLsdQignUFLvDeH', '7g8YaUQABMal0zWe7a2ijz', '7anSoGdgtmJTAPZBzcPhO6']
Feid	Rafa Pabön	3	['224EVTFiLsdQignUFLvDeH', '7g8YaUQABMal0zWe7a2ijz', '7anSoGdgtmJTAPZBzcPhO6']
Lenny Tavárez	Rafa Pabön	3	['224EVTFiLsdQignUFLvDeH', '7g8YaUQABMal0zWe7a2ijz', '7anSoGdgtmJTAPZBzcPhO6']
Rafa Pabön	Sech	3	['224EVTFiLsdQignUFLvDeH', '7g8YaUQABMal0zWe7a2ijz', '7anSoGdgtmJTAPZBzcPhO6']
Anuel AA	Nicky Jam	3	['4lzxJ4jCuFDXXGkE1LmpKR', '4bTZeO72FwMa6wKOiqoynL', '2pWOMNQJW3g2zmGjP0Vkb0']
Cardi B	DJ Snake	3	['4w8niZpiMy6qz1mntFA5uM', '0KoiMHhqKLoL4xM54rcWYY', '5BRUlCrkTljRTux8BUPUDp']
Cardi B	Ozuna	3	['4w8niZpiMy6qz1mntFA5uM', '0KoiMHhqKLoL4xM54rcWYY', '5BRUlCrkTljRTux8BUPUDp']
Cardi B	Selena Gomez	3	['4w8niZpiMy6qz1mntFA5uM', '0KoiMHhqKLoL4xM54rcWYY', '5BRUlCrkTljRTux8BUPUDp']
DJ Snake	Ozuna	3	['4w8niZpiMy6qz1mntFA5uM', '0KoiMHhqKLoL4xM54rcWYY', '5BRUlCrkTljRTux8BUPUDp']
DJ Snake	Selena Gomez	3	['4w8niZpiMy6qz1mntFA5uM', '0KoiMHhqKLoL4xM54rcWYY', '5BRUlCrkTljRTux8BUPUDp']
Ozuna	Selena Gomez	3	['4w8niZpiMy6qz1mntFA5uM', '0KoiMHhqKLoL4xM54rcWYY', '5BRUlCrkTljRTux8BUPUDp']
Bas	Dreamville	3	['5WnfnSpuNEGXyEt78PBA6d', '4eqrNsKy9Mvg1fvfsTVIAE', '36J0iaPDGbYGsHvYpaYs3k']
Bas	JID	3	['5WnfnSpuNEGXyEt78PBA6d', '4eqrNsKy9Mvg1fvfsTVIAE', '36J0iaPDGbYGsHvYpaYs3k']
Dreamville	JID	3	['5WnfnSpuNEGXyEt78PBA6d', '4eqrNsKy9Mvg1fvfsTVIAE', '36J0iaPDGbYGsHvYpaYs3k']
Anuel AA	Darell	3	['4lzxJ4jCuFDXXGkE1LmpKR', '59PYgzOiOjGDzjDT5N5oOX', '4bTZeO72FwMa6wKOiqoynL']
Travis Barker	YUNGBLUD	3	['4mGdjNMo0RonTlOEb7cYg4', '6bWBLZLBRQEJ5KsLicouNB', '2gTdDMpNxIRFSiu7HutMCg']
Agnes	Avicii	3	['0uxDHazXSSu9bSZ28LsnAN', '1yfyIdEw5U2bD5I6gxQCxW', '4XZxalvnG4Yo8YZLuiT1kV']
Agnes	Vargas & Lagola	3	['0uxDHazXSSu9bSZ28LsnAN', '1yfyIdEw5U2bD5I6gxQCxW', '4XZxalvnG4Yo8YZLuiT1kV']
Avicii	Vargas & Lagola	3	['0uxDHazXSSu9bSZ28LsnAN', '1yfyIdEw5U2bD5I6gxQCxW', '4XZxalvnG4Yo8YZLuiT1kV']
Brytiago	Darell	3	['59PYgzOiOjGDzjDT5N5oOX', '4lzxJ4jCuFDXXGkE1LmpKR', '7kuRvjpeUcn6qNV9IBXC2C']
DJ Snake	J Balvin	3	['6osaMSJh9NguagEDQcZaKx', '1f38Gx6xQz6r4H1jGVNBJo', '1fBXSMOusjaj7GjzErHmUI']
DJ Snake	Tyga	3	['6osaMSJh9NguagEDQcZaKx', '1f38Gx6xQz6r4H1jGVNBJo', '1fBXSMOusjaj7GjzErHmUI']
Brendon Urie	Taylor Swift	3	['4MsUsFfWseB9M2plGJyuIw', '2Rk4JlNc2TPmZe2af99d45', '4Sib57MmYGJzSvkW84jTwh']
Ed Sheeran	Stormzy	3	['07s9NNOT0sZQp7TyolLLgu', '1AI7UPw3fgwAFkvAlZWhE0', '4QPEwDdOMhY7rNS05mTyMR']
Post Malone	Travis Scott	3	['4Yq3XUNfWrAPWuB94qkC09', '0b6UoVjUzFyZNpHI0aAhKt', '7CZyCXKG6d5ALeq41sLzbw']
Trippie Redd	XXXTENTACION	3	['7AQim7LbvFVZJE3O8TYgf2', '69dXVFCMiz3SL1L7M24NdX', '03eJ2DclFWXYU8GWgANdmZ']
Goodboys	MEDUZA	3	['1DFD5Fotzgn6yYXkYsKiGs', '7CHi4DtfK4heMlQaudCuHK', '5p1ex0pXv6jSPJ6QbumQpD']
Drake	Rick Ross	3	['1rX5L6pyl3rVWb55D8Cprr', '5ry2OE6R2zPQFDO85XkgRb', '4aPB8rSxGFISs0o6V2LrTy']
DaBaby	Lil Baby	3	['2nKYHpmwjLaEOXS3o7QMiz', '5MPPttjfGap2C6j6eKcO6J', '2FvD20Z8aoWIePi7PoN8sG']
Dalex	Nicky Jam	3	['1k1CJlU1eAEpAbNK0TVeKD', '7fODjB7BrQTGqh0hogW6XD', '7anSoGdgtmJTAPZBzcPhO6']
Feid	Justin Quiles	3	['4AjWbAwRpxk2worpjNH5CS', '5Id5B3dxJZhPcV9GzgYZZe', '7anSoGdgtmJTAPZBzcPhO6']
Justin Quiles	Nicky Jam	3	['1k1CJlU1eAEpAbNK0TVeKD', '7fODjB7BrQTGqh0hogW6XD', '7anSoGdgtmJTAPZBzcPhO6']
Lenny Tavárez	Nicky Jam	3	['1k1CJlU1eAEpAbNK0TVeKD', '7fODjB7BrQTGqh0hogW6XD', '7anSoGdgtmJTAPZBzcPhO6']
Dímelo Flow	Sech	3	['4AjWbAwRpxk2worpjNH5CS', '7sQKy5vlPQllr0k9IjYJv3', '684EjRHwNsZQ9hCQxL4NYL']
Dalex	Zion	3	['4AjWbAwRpxk2worpjNH5CS', '1ndyl3wJCFs872XZ3ztPk6', '5Id5B3dxJZhPcV9GzgYZZe']
Justin Quiles	Zion	3	['4AjWbAwRpxk2worpjNH5CS', '1ndyl3wJCFs872XZ3ztPk6', '5Id5B3dxJZhPcV9GzgYZZe']
Lenny Tavárez	Zion	3	['4AjWbAwRpxk2worpjNH5CS', '1ndyl3wJCFs872XZ3ztPk6', '5Id5B3dxJZhPcV9GzgYZZe']
Offset	Tyga	3	['5IaHrVsrferBYDm0bDyABy', '2toVe5hfuIi97ytDPDbQFt', '0jAfdqv18goRTUxm3ilRjb']
Tyga	YG	3	['3SZqA7rQvROJsCbUu2v0xa', '1kK6DwzyXJSp58u5HYWwuD', '51wFQM8W0YfXTmHusXUr5i']
Billy Ray Cyrus	Lil Nas X	3	['6u7jPi22kF8CTQ3rb9DHE7', '2YpeDb67231RjR0MgVLzsG', '6jmZlyf9DxcIoRrjw02YXm']
Capital Bra	Summer Cem	3	['2QpxC2yag7Ec7Ut1dovXKb', '38lQ7lYhN3eSWepnZHaiBF', '4BD9yUEFI07WaDJ381DDMq']
Bad Bunny	Daddy Yankee	3	['2qMnZF5Ja2WvmfbblByQza', '1c0hsvHLELX6y8qymnpLKL', '4t9a07PAghtQMRAIP9FQ7Z']
Bad Bunny	Lunay	3	['2qMnZF5Ja2WvmfbblByQza', '1c0hsvHLELX6y8qymnpLKL', '4t9a07PAghtQMRAIP9FQ7Z']
Daddy Yankee	Lunay	3	['2qMnZF5Ja2WvmfbblByQza', '1c0hsvHLELX6y8qymnpLKL', '4t9a07PAghtQMRAIP9FQ7Z']
Lil Baby	Meek Mill	2	['0hGH0S74Eoyv6mXZcOKtdQ', '12Fkyg9lpmaz2zmKOfw2Y2']
Lil Baby	Post Malone	2	['0hGH0S74Eoyv6mXZcOKtdQ', '12Fkyg9lpmaz2zmKOfw2Y2']
Meek Mill	Post Malone	2	['0hGH0S74Eoyv6mXZcOKtdQ', '12Fkyg9lpmaz2zmKOfw2Y2']
Daddy Yankee	Snow	2	['5w9c2J52mkdntKOmRLeM2m', '4au7FRcgZzChASRYu279xH']
21 Savage	Offset	2	['7pMRoGLEJuFM2wl5pt0R99', '6mCqxnyOhr4tHMbRbQL4Yn']
Migos	Mustard	2	['3j84U36KvLeXNDPv4t5pI8', '63cd4JkwGgYJrbOizbfmsp']
RANI	Sam Feldt	2	['0qc4QlcCxVTGyShurEv1UU', '36orMWv2PgvnzXsd5CJ0yL']
Reik	Sebastian Yatra	2	['2vrpcQNg6itmgVZWsNjWe0', '5BDP2tky8oMQJPS33frKVp']
Loredana	MERO	2	['2d3WpbJFBND2vwMJyULdfU', '1skUhc3JS3jLCfugI3gm41']
Gunna	Lil Mosey	2	['7iHHxY2NLlJRAmlAmC4ahQ', '5hDAT527wXWNBnJlujhuUs']
Camilo	Manuel Turizo	2	['56f5qnyAlZdlz8wrUDA50h', '0s5DNDV6LAKn2u2Ufa3VjQ']
Manuel Turizo	Mau y Ricky	2	['56f5qnyAlZdlz8wrUDA50h', '0s5DNDV6LAKn2u2Ufa3VjQ']
Anuel AA	J Balvin	2	['2ksOAxtIxY8yElEWw8RhgK', '7mWFF4gPADjTQjC97CgFVt']
Daddy Yankee	J Balvin	2	['2ksOAxtIxY8yElEWw8RhgK', '7mWFF4gPADjTQjC97CgFVt']
J Balvin	Ozuna	2	['2ksOAxtIxY8yElEWw8RhgK', '7mWFF4gPADjTQjC97CgFVt']
Arcangel	Sech	2	['6K5BsR04ijf3FHNzjbaagD', '7sQKy5vlPQllr0k9IjYJv3']
Farruko	Myke Towers	2	['6K5BsR04ijf3FHNzjbaagD', '5KbBGUpIZd6gVFUU8tqYiQ']
Drake	Lil Baby	2	['6vN77lE9LK6HP2DewaN6HZ', '6wWaVoUOzLQJHd3bWAUpdZ']
Ed Sheeran	Khalid	2	['4evmHXcjt3bTUHD1cvny97', '70eFcWOvlMObDhURTqT4Fv']
Post Malone	SZA	2	['5KE9b4x7Zj2A8XtbkqhqTe', '2leIuE4fdcJoNMSKu5Yr7a']
Juice WRLD	benny blanco	2	['6cjSh516BbrNUs213jDAGm', '1KVczjazCcCCgM3gXXUl47']
Lauv	Troye Sivan	2	['7COXchtUOMd6uIT6HvmRaI', '2iwS33Jfev1QBiuhWVWZHY']
KAROL G	Maluma	2	['4EKZsrsCKyqr64FBHLc0DU', '1mT47pKLXUwPYGwB91GcNz']
Cazzu	Dalex	2	['224EVTFiLsdQignUFLvDeH', '7g8YaUQABMal0zWe7a2ijz']
Cazzu	Feid	2	['224EVTFiLsdQignUFLvDeH', '7g8YaUQABMal0zWe7a2ijz']
Cazzu	KHEA	2	['224EVTFiLsdQignUFLvDeH', '7g8YaUQABMal0zWe7a2ijz']
Cazzu	Lenny Tavárez	2	['224EVTFiLsdQignUFLvDeH', '7g8YaUQABMal0zWe7a2ijz']
Cazzu	Rafa Pabön	2	['224EVTFiLsdQignUFLvDeH', '7g8YaUQABMal0zWe7a2ijz']
Cazzu	Sech	2	['224EVTFiLsdQignUFLvDeH', '7g8YaUQABMal0zWe7a2ijz']
Dalex	KHEA	2	['224EVTFiLsdQignUFLvDeH', '7g8YaUQABMal0zWe7a2ijz']
Feid	KHEA	2	['224EVTFiLsdQignUFLvDeH', '7g8YaUQABMal0zWe7a2ijz']
KHEA	Lenny Tavárez	2	['224EVTFiLsdQignUFLvDeH', '7g8YaUQABMal0zWe7a2ijz']
KHEA	Rafa Pabön	2	['224EVTFiLsdQignUFLvDeH', '7g8YaUQABMal0zWe7a2ijz']
KHEA	Sech	2	['224EVTFiLsdQignUFLvDeH', '7g8YaUQABMal0zWe7a2ijz']
Chris Brown	Drake	2	['6XHVuErjQ4XNm6nDPVCxVX', '7FEwp8BavoEVE3AnxJDchc']
J Balvin	Sean Paul	2	['37eGbhE1xVFSvcKkqGb6i1', '3JjaofJ0lCeEsFSZqppzOp']
Manuel Turizo	Ozuna	2	['3g4UyIcQwutiG0TfW32GnX', '48zFZh27QU5qsrBjn4C2FA']
J. Cole	Travis Scott	2	['7DcvwMAiqKJQD1rrdfxSDx', '3s4mrPrEFFPF0LmAfutW0n']
J. Cole	Young Thug	2	['7DcvwMAiqKJQD1rrdfxSDx', '3s4mrPrEFFPF0LmAfutW0n']
Darell	Sech	2	['4bTZeO72FwMa6wKOiqoynL', '1Ej96GIBCTvgH7tNX1r3qr']
Ozuna	Sech	2	['4bTZeO72FwMa6wKOiqoynL', '6Y4PDQv4XjYjHLeLmvyOt0']
Billie Eilish	Khalid	2	['1NJcg626wLln4pGHpiV7mf', '0u2P5u6lvoDfwTYjAADbn4']
Disclosure	Khalid	2	['0rTV5WefWd1J3OwIheTzxM', '6TqXcAFInzjp0bODyvrWEq']
Gunna	Travis Scott	2	['4ea9w8c4ROqiZpJVhfBA3m', '56AMYGJzxBO6p8v0wEe9de']
Drake	Summer Walker	2	['0mfCH4nfpshBQR9ueZP5eP', '14SaZBTjxlorHJQxXh01Hu']
9lokknine	YNW Melly	2	['4sjiIpEv617LDXaidKioOI', '29ZXwWOOLz9t5fa3eT3i7T']
Bruno Mars	Chris Stapleton	2	['6EbduYTr62sSzvl36wWiFM', '7hvO2qCwJVZxiyoA7c9i5d']
Bruno Mars	Ed Sheeran	2	['6EbduYTr62sSzvl36wWiFM', '7hvO2qCwJVZxiyoA7c9i5d']
Chris Stapleton	Ed Sheeran	2	['6EbduYTr62sSzvl36wWiFM', '7hvO2qCwJVZxiyoA7c9i5d']
Anuel AA	Brytiago	2	['59PYgzOiOjGDzjDT5N5oOX', '4lzxJ4jCuFDXXGkE1LmpKR']
Chris Brown	Tyga	2	['1jlnBQGP2DtSEhMgQaz7a7', '4Q8aDd3H6LF8t4eY7So9O8']
Bas	EARTHGANG	2	['4eqrNsKy9Mvg1fvfsTVIAE', '36J0iaPDGbYGsHvYpaYs3k']
Bas	J. Cole	2	['4eqrNsKy9Mvg1fvfsTVIAE', '36J0iaPDGbYGsHvYpaYs3k']
Bas	Young Nudy	2	['4eqrNsKy9Mvg1fvfsTVIAE', '36J0iaPDGbYGsHvYpaYs3k']
Dreamville	EARTHGANG	2	['4eqrNsKy9Mvg1fvfsTVIAE', '36J0iaPDGbYGsHvYpaYs3k']
EARTHGANG	J. Cole	2	['4eqrNsKy9Mvg1fvfsTVIAE', '36J0iaPDGbYGsHvYpaYs3k']
EARTHGANG	JID	2	['4eqrNsKy9Mvg1fvfsTVIAE', '36J0iaPDGbYGsHvYpaYs3k']
EARTHGANG	Young Nudy	2	['4eqrNsKy9Mvg1fvfsTVIAE', '36J0iaPDGbYGsHvYpaYs3k']
J. Cole	JID	2	['4eqrNsKy9Mvg1fvfsTVIAE', '36J0iaPDGbYGsHvYpaYs3k']
JID	Young Nudy	2	['4eqrNsKy9Mvg1fvfsTVIAE', '36J0iaPDGbYGsHvYpaYs3k']
A Boogie Wit da Hoodie	Roddy Ricch	2	['5j1yOqWONR9T6l43AzJ6Es', '6ztvsy3C6hPjVg9j4x1XKJ']
6ix9ine	Nicki Minaj	2	['1oJ8EDr2pv94IvSd6ZmDgo', '4QIyEq7TcTdAcxjI2AFlAK']
Game of Thrones	SZA	2	['4cbdPT6uaBOgOQe3fLMofl', '35RDmXJ59YYGNlv1KfTGsP']
Game of Thrones	The Weeknd	2	['4cbdPT6uaBOgOQe3fLMofl', '35RDmXJ59YYGNlv1KfTGsP']
Game of Thrones	Travis Scott	2	['4cbdPT6uaBOgOQe3fLMofl', '35RDmXJ59YYGNlv1KfTGsP']
SZA	The Weeknd	2	['4cbdPT6uaBOgOQe3fLMofl', '35RDmXJ59YYGNlv1KfTGsP']
SZA	Travis Scott	2	['4cbdPT6uaBOgOQe3fLMofl', '35RDmXJ59YYGNlv1KfTGsP']
The Weeknd	Travis Scott	2	['4cbdPT6uaBOgOQe3fLMofl', '35RDmXJ59YYGNlv1KfTGsP']
Ed Sheeran	Yebba	2	['5ug4vqGZ3eisGhY1IsziNX', '0VsGaRXR5WAzpu51unJTis']
Burna Boy	Ed Sheeran	2	['07s9NNOT0sZQp7TyolLLgu', '4QPEwDdOMhY7rNS05mTyMR']
Burna Boy	Stormzy	2	['07s9NNOT0sZQp7TyolLLgu', '4QPEwDdOMhY7rNS05mTyMR']
Luciano	Samra	2	['4Rif4wqdvzy84dhP1apC4Y', '0EDSU9JYeKABA14OcOuM7b']
Ozzy Osbourne	Post Malone	2	['4Yq3XUNfWrAPWuB94qkC09', '7CZyCXKG6d5ALeq41sLzbw']
Ozzy Osbourne	Travis Scott	2	['4Yq3XUNfWrAPWuB94qkC09', '7CZyCXKG6d5ALeq41sLzbw']
PnB Rock	Trippie Redd	2	['03eJ2DclFWXYU8GWgANdmZ', '69dXVFCMiz3SL1L7M24NdX']
PnB Rock	XXXTENTACION	2	['03eJ2DclFWXYU8GWgANdmZ', '69dXVFCMiz3SL1L7M24NdX']
Post Malone	Roddy Ricch	2	['3IKRHd9ihUdGffgz4Mbgv0', '0fcq51a3gOI6gPvzc0YLsk']
Post Malone	Tyga	2	['3IKRHd9ihUdGffgz4Mbgv0', '0fcq51a3gOI6gPvzc0YLsk']
Roddy Ricch	Tyga	2	['3IKRHd9ihUdGffgz4Mbgv0', '0fcq51a3gOI6gPvzc0YLsk']
6ix9ine	Anuel AA	2	['4KkUjFkcQvGvWekl8RATDn', '0LQ1J0BCzA2qnAgp9MkkNE']
MACHETE	Salmo	2	['28fRkU3vhqAJdl9i9458pQ', '0nFCpnM7nistUWXRZpzOWM']
Diplo	Major Lazer	2	['1G2CAJeP7rCwOZjlSJ0Zw3', '0Z26mbSHJ1dkUu7g9DDgif']
Burna Boy	Jorja Smith	2	['3IWs9dAwTqN0EFhOIcBDfs', '5pAbCxt9e3f81lOmjIXwzd']
Daddy Yankee	Natti Natasha	2	['0U6bQIAh6MCGo1xjbIIx2S', '7BuSE9uTIw931wtZYzvZcQ']
Camila Cabello	Mark Ronson	2	['5Uw7Dut2lZfexn3Y09swpf', '1HpzOCZbNWzxvvXfSGtSrX']
BTS	Halsey	2	['5KawlOMHjWeUjQtnuRs22c', '5a0nHa7F4S9hb0Zi0zLS8w']
Brendon Urie	Panic! At The Disco	2	['4MsUsFfWseB9M2plGJyuIw', '2Rk4JlNc2TPmZe2af99d45']
Panic! At The Disco	Taylor Swift	2	['4MsUsFfWseB9M2plGJyuIw', '2Rk4JlNc2TPmZe2af99d45']
ScHoolboy Q	Travis Scott	2	['01DOm09B2AbiTARAbXVI6g', '2EGtBS7Ws3ajiSkJLviFJ4']
Chance the Rapper	Ed Sheeran	2	['543bCW2ruMPmxUBWirQ3MR', '4wuCQX7JvAZLlrcmH4AeZF']
Chance the Rapper	PnB Rock	2	['543bCW2ruMPmxUBWirQ3MR', '4wuCQX7JvAZLlrcmH4AeZF']
Ed Sheeran	PnB Rock	2	['543bCW2ruMPmxUBWirQ3MR', '4wuCQX7JvAZLlrcmH4AeZF']
Dímelo Flow	Zion	2	['4AjWbAwRpxk2worpjNH5CS', '684EjRHwNsZQ9hCQxL4NYL']
Y2K	bbno$	2	['07rmSXN6vNoquX1AsWd9pP', '51Fjme0JiitpyXKuyQiCDo']
Dalex	Rich Music LTD	2	['4AjWbAwRpxk2worpjNH5CS', '5Id5B3dxJZhPcV9GzgYZZe']
Dalex	Wisin	2	['4AjWbAwRpxk2worpjNH5CS', '5Id5B3dxJZhPcV9GzgYZZe']
Feid	Rich Music LTD	2	['4AjWbAwRpxk2worpjNH5CS', '5Id5B3dxJZhPcV9GzgYZZe']
Feid	Wisin	2	['4AjWbAwRpxk2worpjNH5CS', '5Id5B3dxJZhPcV9GzgYZZe']
Feid	Zion	2	['4AjWbAwRpxk2worpjNH5CS', '5Id5B3dxJZhPcV9GzgYZZe']
Justin Quiles	Rich Music LTD	2	['4AjWbAwRpxk2worpjNH5CS', '5Id5B3dxJZhPcV9GzgYZZe']
Justin Quiles	Wisin	2	['4AjWbAwRpxk2worpjNH5CS', '5Id5B3dxJZhPcV9GzgYZZe']
Lenny Tavárez	Rich Music LTD	2	['4AjWbAwRpxk2worpjNH5CS', '5Id5B3dxJZhPcV9GzgYZZe']
Lenny Tavárez	Wisin	2	['4AjWbAwRpxk2worpjNH5CS', '5Id5B3dxJZhPcV9GzgYZZe']
Rich Music LTD	Sech	2	['4AjWbAwRpxk2worpjNH5CS', '5Id5B3dxJZhPcV9GzgYZZe']
Rich Music LTD	Wisin	2	['4AjWbAwRpxk2worpjNH5CS', '5Id5B3dxJZhPcV9GzgYZZe']
Rich Music LTD	Zion	2	['4AjWbAwRpxk2worpjNH5CS', '5Id5B3dxJZhPcV9GzgYZZe']
Sech	Wisin	2	['4AjWbAwRpxk2worpjNH5CS', '5Id5B3dxJZhPcV9GzgYZZe']
Wisin	Zion	2	['4AjWbAwRpxk2worpjNH5CS', '5Id5B3dxJZhPcV9GzgYZZe']
Dalex	Natti Natasha	2	['1ndyl3wJCFs872XZ3ztPk6', '1Xnn1TPyr5h0hpRAT4B4EA']
Farruko	Natti Natasha	2	['1ndyl3wJCFs872XZ3ztPk6', '1Xnn1TPyr5h0hpRAT4B4EA']
Justin Quiles	Natti Natasha	2	['1ndyl3wJCFs872XZ3ztPk6', '1Xnn1TPyr5h0hpRAT4B4EA']
Lenny Tavárez	Natti Natasha	2	['1ndyl3wJCFs872XZ3ztPk6', '1Xnn1TPyr5h0hpRAT4B4EA']
Camila Cabello	Shawn Mendes	2	['0TK2YIli7K1leLovkQiNik', '6v3KW9xbzN5yKLt9YKDYA2']
Fall Out Boy	Macklemore	2	['7Feaw9WAEREY0DUOSXJLOM', '40OMBMYRk5IQL6xCzGM0JA']
Fall Out Boy	Martin Garrix	2	['7Feaw9WAEREY0DUOSXJLOM', '40OMBMYRk5IQL6xCzGM0JA']
Macklemore	Martin Garrix	2	['7Feaw9WAEREY0DUOSXJLOM', '40OMBMYRk5IQL6xCzGM0JA']
Jon Z	Tyga	2	['3SZqA7rQvROJsCbUu2v0xa', '1kK6DwzyXJSp58u5HYWwuD']
Jon Z	YG	2	['3SZqA7rQvROJsCbUu2v0xa', '1kK6DwzyXJSp58u5HYWwuD']
Dan Caplen	Jess Glynne	2	['5CLGzJsGqhCEECcpnFQA8x', '20ZP3Om9DvDazXrNUC7WM2']
Dan Caplen	Macklemore	2	['5CLGzJsGqhCEECcpnFQA8x', '20ZP3Om9DvDazXrNUC7WM2']
Dan Caplen	Rudimental	2	['5CLGzJsGqhCEECcpnFQA8x', '20ZP3Om9DvDazXrNUC7WM2']
Jess Glynne	Macklemore	2	['5CLGzJsGqhCEECcpnFQA8x', '20ZP3Om9DvDazXrNUC7WM2']
Jess Glynne	Rudimental	2	['5CLGzJsGqhCEECcpnFQA8x', '20ZP3Om9DvDazXrNUC7WM2']
Macklemore	Rudimental	2	['5CLGzJsGqhCEECcpnFQA8x', '20ZP3Om9DvDazXrNUC7WM2']
Lil Tjay	Polo G	2	['6uFn47ACjqYkc0jADwEdj1', '5AjINjwKyRvQJhSe2zpPHi']
Future	Halsey	2	['2C6WXnmZ66tHhHlnvwePiK', '59PYPDxTbqJpiGfyogPb5h']
Future	Post Malone	2	['2C6WXnmZ66tHhHlnvwePiK', '59PYPDxTbqJpiGfyogPb5h']
Halsey	Post Malone	2	['2C6WXnmZ66tHhHlnvwePiK', '59PYPDxTbqJpiGfyogPb5h']
Anne-Marie	Lauv	2	['4wopYJ5wpYOM6ogm2Jugnw', '322tcqPhma7F6hfCeLisx0']
Kehlani	Ty Dolla $ign	2	['7e4KQkp5ZR1gXCAalRjX6B', '6ZRuF2n1CQxyxxAAWsKJOy']
DaBaby	Post Malone	2	['0Xek5rqai2jcOWCYWJfVCF', '6UFEJuDXQMWhL5UH5f9fUR']
Ant Clemons	Kanye West	2	['24bnCCysWnbNRNUT4LpHcP', '454Epa1vrCGFddHXKyC1kb']
Ed Sheeran	Justin Bieber	2	['3HVWdVOQ0ZA45FuZGSfvns', '0hVXuCcriWRGvwMV1r5Yn9']
Offset	Travis Scott	2	['7pMRoGLEJuFM2wl5pt0R99', '0FZ4Dmg8jJJAPJnvBIzD9z']
Gunna	Lil Baby	2	['78QR3Wp35dqAhFEc2qAGjE', '6wWaVoUOzLQJHd3bWAUpdZ']
Dalex	Maluma	2	['1k1CJlU1eAEpAbNK0TVeKD', '7fODjB7BrQTGqh0hogW6XD']
Farruko	Maluma	2	['1k1CJlU1eAEpAbNK0TVeKD', '7fODjB7BrQTGqh0hogW6XD']
Justin Quiles	Maluma	2	['1k1CJlU1eAEpAbNK0TVeKD', '7fODjB7BrQTGqh0hogW6XD']
Lenny Tavárez	Maluma	2	['1k1CJlU1eAEpAbNK0TVeKD', '7fODjB7BrQTGqh0hogW6XD']
Maluma	Nicky Jam	2	['1k1CJlU1eAEpAbNK0TVeKD', '7fODjB7BrQTGqh0hogW6XD']
Maluma	Sech	2	['1k1CJlU1eAEpAbNK0TVeKD', '7fODjB7BrQTGqh0hogW6XD']
Capital Bra	KC Rebell	2	['4BD9yUEFI07WaDJ381DDMq', '38lQ7lYhN3eSWepnZHaiBF']
KC Rebell	Summer Cem	2	['4BD9yUEFI07WaDJ381DDMq', '38lQ7lYhN3eSWepnZHaiBF']
Capital Bra	LEA	2	['67ojvEGRPAUCOohuMPqoRC', '5sdQ7VUx6GOfsRoSxnK1YG']
LEA	Samra	2	['67ojvEGRPAUCOohuMPqoRC', '5sdQ7VUx6GOfsRoSxnK1YG']
Adriana Proenza	Kina	2	['58wyJLv6yH1La9NIZPl3ne', '1Av69kr9JitqPWo7WJLS5q']
Dalex	Dímelo Flow	2	['4AjWbAwRpxk2worpjNH5CS', '5stPVcRqb4qixbafP9e8lt']
Dímelo Flow	Lenny Tavárez	2	['4AjWbAwRpxk2worpjNH5CS', '5stPVcRqb4qixbafP9e8lt']
Luis Fonsi	Ozuna	2	['4cuGZb0iFyHtwaSKdKrJkF', '3ao3OVxHlb3C08vAaApUlm']
Loredana	Mozzik	2	['3uB8KqnEoQq5bTQ1JFHJ7Y', '52UVKsw31NTOCTNPTpwbFJ']
Justin Quiles	Paulo Londra	2	['3H9GDhVVTlmFQSmpt51qiP', '53rkN7z3bKorDSIxDvqXNt']
DaBaby	Quality Control	2	['2nKYHpmwjLaEOXS3o7QMiz', '5MPPttjfGap2C6j6eKcO6J']
Lil Baby	Quality Control	2	['2nKYHpmwjLaEOXS3o7QMiz', '5MPPttjfGap2C6j6eKcO6J']
Alan Walker	Farruko	2	['4n7jnSxVLd8QioibtTDBDq', '7KhHA3mzt7A3LFlOJEAKpI']
Alan Walker	Sabrina Carpenter	2	['4n7jnSxVLd8QioibtTDBDq', '7KhHA3mzt7A3LFlOJEAKpI']
Farruko	Sabrina Carpenter	2	['4n7jnSxVLd8QioibtTDBDq', '7KhHA3mzt7A3LFlOJEAKpI']
NAV	The Weeknd	2	['4RbbzNY4MEcgzewYWkIsGu', '4hqOmrCCJKyiuwDexd8c2t']
Ariana Grande	Lana Del Rey	2	['3NkJNL3WqO1Lqc3uNDxvCN', '6zegtH6XXd2PDPLvy1Y0n2']
Ariana Grande	Miley Cyrus	2	['3NkJNL3WqO1Lqc3uNDxvCN', '6zegtH6XXd2PDPLvy1Y0n2']
Lana Del Rey	Miley Cyrus	2	['3NkJNL3WqO1Lqc3uNDxvCN', '6zegtH6XXd2PDPLvy1Y0n2']
Anuel AA	Romeo Santos	2	['2cYnZNzFRFK0H7vSNxPsUq', '3f5lA8nnc4YYF1qf78WpHw']
Machine Gun Kelly	Travis Barker	2	['6bWBLZLBRQEJ5KsLicouNB', '2gTdDMpNxIRFSiu7HutMCg']
Machine Gun Kelly	YUNGBLUD	2	['6bWBLZLBRQEJ5KsLicouNB', '2gTdDMpNxIRFSiu7HutMCg']
Gucci Mane	Logic	1	['5sCwso3aURYAdieWEFI1nE']
RAF Camora	Ufo361	1	['7HCTUZPqclRvsiefXWwyFz']
Juice WRLD	Trippie Redd	1	['7tgjDlQsMR8RvkdlNCJA58']
Juice WRLD	YNW Melly	1	['7tgjDlQsMR8RvkdlNCJA58']
Trippie Redd	YNW Melly	1	['7tgjDlQsMR8RvkdlNCJA58']
Diplo	Morgan Wallen	1	['0rFQ5cKYJ9WtHSKp9sxVYt']
James Blake	Metro Boomin	1	['64ydkbrt0xhdJXRaam06Mc']
James Blake	Travis Scott	1	['64ydkbrt0xhdJXRaam06Mc']
Metro Boomin	Travis Scott	1	['64ydkbrt0xhdJXRaam06Mc']
Erika Sirola	Robin Schulz	1	['1rCcsYnmqbMYdkG7kS9GC5']
Eartha Kitt	Henri Rene & His Orchestra	1	['1foCxQtxBweJtZmdxhEHVO']
Post Malone	Young Thug	1	['6vBdBCoOhKHiYDDOcorfNo']
Khalid	Normani	1	['45Egmo7icyopuzJN0oMEdk']
Becky G	Natti Natasha	1	['2ijef6ni2amuunRoKTlgww']
5 Seconds of Summer	Julia Michaels	1	['6GzApXoBQiiAjak3tOQfV3']
Daddy Yankee	Katy Perry	1	['4au7FRcgZzChASRYu279xH']
Katy Perry	Snow	1	['4au7FRcgZzChASRYu279xH']
21 Savage	DJ Snake	1	['6mCqxnyOhr4tHMbRbQL4Yn']
21 Savage	Gucci Mane	1	['6mCqxnyOhr4tHMbRbQL4Yn']
21 Savage	Sheck Wes	1	['6mCqxnyOhr4tHMbRbQL4Yn']
DJ Snake	Gucci Mane	1	['6mCqxnyOhr4tHMbRbQL4Yn']
DJ Snake	Offset	1	['6mCqxnyOhr4tHMbRbQL4Yn']
DJ Snake	Sheck Wes	1	['6mCqxnyOhr4tHMbRbQL4Yn']
Gucci Mane	Offset	1	['6mCqxnyOhr4tHMbRbQL4Yn']
Gucci Mane	Sheck Wes	1	['6mCqxnyOhr4tHMbRbQL4Yn']
Offset	Sheck Wes	1	['6mCqxnyOhr4tHMbRbQL4Yn']
Bad Bunny	Casper Magico	1	['3V8UKqhEK5zBkBb6d6ub8i']
Bad Bunny	Darell	1	['3V8UKqhEK5zBkBb6d6ub8i']
Bad Bunny	Nicky Jam	1	['3V8UKqhEK5zBkBb6d6ub8i']
Bad Bunny	Nio Garcia	1	['3V8UKqhEK5zBkBb6d6ub8i']
Bad Bunny	Ozuna	1	['3V8UKqhEK5zBkBb6d6ub8i']
Casper Magico	Darell	1	['3V8UKqhEK5zBkBb6d6ub8i']
Casper Magico	Nicky Jam	1	['3V8UKqhEK5zBkBb6d6ub8i']
Casper Magico	Nio Garcia	1	['3V8UKqhEK5zBkBb6d6ub8i']
Casper Magico	Ozuna	1	['3V8UKqhEK5zBkBb6d6ub8i']
Darell	Nio Garcia	1	['3V8UKqhEK5zBkBb6d6ub8i']
Nicky Jam	Nio Garcia	1	['3V8UKqhEK5zBkBb6d6ub8i']
Nio Garcia	Ozuna	1	['3V8UKqhEK5zBkBb6d6ub8i']
Anuel AA	Becky G	1	['7dNwJbsT0sg1le5kVugGJb']
Anuel AA	Prince Royce	1	['7dNwJbsT0sg1le5kVugGJb']
Becky G	DJ Luian	1	['7dNwJbsT0sg1le5kVugGJb']
Becky G	Mambo Kingz	1	['7dNwJbsT0sg1le5kVugGJb']
Becky G	Prince Royce	1	['7dNwJbsT0sg1le5kVugGJb']
DJ Luian	Prince Royce	1	['7dNwJbsT0sg1le5kVugGJb']
Mambo Kingz	Prince Royce	1	['7dNwJbsT0sg1le5kVugGJb']
Mau y Ricky	Sebastian Yatra	1	['7uQmJ1jgNzBpATSoWKSPFu']
Kirsty MacColl	The Pogues	1	['3VTNVsTTu05dmTsVFrmGpK']
G-Eazy	Rich The Kid	1	['1NHlyKgtR4roNylOhidKSv']
G-Eazy	Tyga	1	['1NHlyKgtR4roNylOhidKSv']
Rich The Kid	Tyga	1	['1NHlyKgtR4roNylOhidKSv']
Shawn Mendes	Taylor Swift	1	['3i9UVldZOE0aD0JnyfAZZ0']
Barloe Team	Ozuna	1	['7lR4UmEDJ1ngczVX2NiNi4']
A Touch Of Class	R3HAB	1	['02itaCXOdC54J0ISjqqFAp']
Chance the Rapper	John Legend	1	['1g3ErLqysBJ5EIGdYYMWFZ']
A Boogie Wit da Hoodie	Mustard	1	['2zjGJ0dChMR0KxBZS15aqo']
A Boogie Wit da Hoodie	NAV	1	['2zjGJ0dChMR0KxBZS15aqo']
A Boogie Wit da Hoodie	Playboi Carti	1	['2zjGJ0dChMR0KxBZS15aqo']
Mustard	NAV	1	['2zjGJ0dChMR0KxBZS15aqo']
Mustard	Playboi Carti	1	['2zjGJ0dChMR0KxBZS15aqo']
NAV	Playboi Carti	1	['2zjGJ0dChMR0KxBZS15aqo']
CHVRCHES	Marshmello	1	['5icOoE6VgqFKohjWWNp0Ac']
DaBaby	Dreamville	1	['6MF4tRr5lU8qok8IKaFOBE']
DaBaby	J. Cole	1	['6MF4tRr5lU8qok8IKaFOBE']
DaBaby	Lute	1	['6MF4tRr5lU8qok8IKaFOBE']
Dreamville	Lute	1	['6MF4tRr5lU8qok8IKaFOBE']
J. Cole	Lute	1	['6MF4tRr5lU8qok8IKaFOBE']
Cardi B	Lil Nas X	1	['4ak7xjvBeBOcJGWFDX9w5n']
Marshmello	YUNGBLUD	1	['7jzldCBnJjpJM3epzJ85KE']
Marshmello	blackbear	1	['7jzldCBnJjpJM3epzJ85KE']
YUNGBLUD	blackbear	1	['7jzldCBnJjpJM3epzJ85KE']
Khalid	Marshmello	1	['7vGuf3Y35N4wmASOKLUVVU']
Anuel AA	Farruko	1	['7mWFF4gPADjTQjC97CgFVt']
Daddy Yankee	Farruko	1	['7mWFF4gPADjTQjC97CgFVt']
Farruko	J Balvin	1	['7mWFF4gPADjTQjC97CgFVt']
Farruko	Ozuna	1	['7mWFF4gPADjTQjC97CgFVt']
Macklemore	Why Don't We	1	['45ZGEdLxCZvdMX9jWlsAAx']
Arcangel	Farruko	1	['6K5BsR04ijf3FHNzjbaagD']
Arcangel	Myke Towers	1	['6K5BsR04ijf3FHNzjbaagD']
Arcangel	Zion	1	['6K5BsR04ijf3FHNzjbaagD']
Myke Towers	Sech	1	['6K5BsR04ijf3FHNzjbaagD']
Myke Towers	Zion	1	['6K5BsR04ijf3FHNzjbaagD']
Khalid	Martin Garrix	1	['3nc420PXjTdBV5TN0gCFkS']
Eno	MERO	1	['4AgK0CwpwcekXVdAoYB2VO']
Becky G	Duckwrth	1	['5C0ivQMxes2lWuOANhvVAm']
Becky G	Keke Palmer	1	['5C0ivQMxes2lWuOANhvVAm']
Becky G	League of Legends	1	['5C0ivQMxes2lWuOANhvVAm']
Becky G	SOYEON of (G)I-DLE	1	['5C0ivQMxes2lWuOANhvVAm']
Becky G	Thutmose	1	['5C0ivQMxes2lWuOANhvVAm']
Becky G	True Damage	1	['5C0ivQMxes2lWuOANhvVAm']
Duckwrth	Keke Palmer	1	['5C0ivQMxes2lWuOANhvVAm']
Duckwrth	League of Legends	1	['5C0ivQMxes2lWuOANhvVAm']
Duckwrth	SOYEON of (G)I-DLE	1	['5C0ivQMxes2lWuOANhvVAm']
Duckwrth	Thutmose	1	['5C0ivQMxes2lWuOANhvVAm']
Duckwrth	True Damage	1	['5C0ivQMxes2lWuOANhvVAm']
Keke Palmer	League of Legends	1	['5C0ivQMxes2lWuOANhvVAm']
Keke Palmer	SOYEON of (G)I-DLE	1	['5C0ivQMxes2lWuOANhvVAm']
Keke Palmer	Thutmose	1	['5C0ivQMxes2lWuOANhvVAm']
Keke Palmer	True Damage	1	['5C0ivQMxes2lWuOANhvVAm']
League of Legends	SOYEON of (G)I-DLE	1	['5C0ivQMxes2lWuOANhvVAm']
League of Legends	Thutmose	1	['5C0ivQMxes2lWuOANhvVAm']
League of Legends	True Damage	1	['5C0ivQMxes2lWuOANhvVAm']
SOYEON of (G)I-DLE	Thutmose	1	['5C0ivQMxes2lWuOANhvVAm']
SOYEON of (G)I-DLE	True Damage	1	['5C0ivQMxes2lWuOANhvVAm']
Thutmose	True Damage	1	['5C0ivQMxes2lWuOANhvVAm']
Brendon Urie	Juice WRLD	1	['1KVczjazCcCCgM3gXXUl47']
Brendon Urie	benny blanco	1	['1KVczjazCcCCgM3gXXUl47']
Ky-Mani Marley	Stefflon Don	1	['0OTBOHjEaoqroFlfut1ZsH']
Ky-Mani Marley	Vybz Kartel	1	['0OTBOHjEaoqroFlfut1ZsH']
Ky-Mani Marley	XXXTENTACION	1	['0OTBOHjEaoqroFlfut1ZsH']
Stefflon Don	Vybz Kartel	1	['0OTBOHjEaoqroFlfut1ZsH']
Stefflon Don	XXXTENTACION	1	['0OTBOHjEaoqroFlfut1ZsH']
Vybz Kartel	XXXTENTACION	1	['0OTBOHjEaoqroFlfut1ZsH']
DJ Khaled	SZA	1	['0BnTBAGmr9FtYwkZrwKhwS']
Kane Brown	Marshmello	1	['4hPpVbbakQNv8YTHYaOJP4']
21 Savage	Cardi B	1	['1Hd2XLitkt1PYCWSbfF5qV']
21 Savage	DJ Khaled	1	['1Hd2XLitkt1PYCWSbfF5qV']
Cardi B	DJ Khaled	1	['1Hd2XLitkt1PYCWSbfF5qV']
Fred Hammond	Kanye West	1	['7r6aR2f57resC5r93LwMfK']
Ozuna	Romeo Santos	1	['1h9P5WJwyvK8OB7O2YiXgp']
Bad Bunny	Jhay Cortez	1	['4R8BJggjosTswLxtkw8V7P']
J Balvin	Jhay Cortez	1	['4R8BJggjosTswLxtkw8V7P']
Imanbek	SAINt JHN	1	['24Yi9hE78yPEbZ4kxyoXAI']
Daddy Yankee	KAROL G	1	['2ksOAxtIxY8yElEWw8RhgK']
J Balvin	KAROL G	1	['2ksOAxtIxY8yElEWw8RhgK']
KAROL G	Ozuna	1	['2ksOAxtIxY8yElEWw8RhgK']
MAX	Quinn XCII	1	['2tOOcDDYkh0PSjr6GwPEAJ']
Bad Bunny	Drake	1	['116H0KvKr2Zl4RPuVBruDO']
Dayvi	Kelly Ruíz	1	['4Clmg1g8n2yBYG13Z1oSdG']
Dayvi	Victor Cardenas	1	['4Clmg1g8n2yBYG13Z1oSdG']
Kelly Ruíz	Victor Cardenas	1	['4Clmg1g8n2yBYG13Z1oSdG']
Cruz Cafuné	Don Patricio	1	['6Cs7b9bu3fy5XhMwBA9Tz4']
Lil Pump	Lil Wayne	1	['6flur5o18COKeafnjLHRiJ']
Kendrick Lamar	SZA	1	['3GCdLUSnKSMJhs4Tj6CV3s']
Damso	Nekfeu	1	['5ZwRTJD1bTACtIuW5Iibnu']
Bas	Buddy	1	['5WnfnSpuNEGXyEt78PBA6d']
Bas	Guapdad 4000	1	['5WnfnSpuNEGXyEt78PBA6d']
Bas	Jace	1	['5WnfnSpuNEGXyEt78PBA6d']
Bas	Mez	1	['5WnfnSpuNEGXyEt78PBA6d']
Bas	Reese LAFLARE	1	['5WnfnSpuNEGXyEt78PBA6d']
Bas	Ski Mask The Slump God	1	['5WnfnSpuNEGXyEt78PBA6d']
Bas	Smokepurpp	1	['5WnfnSpuNEGXyEt78PBA6d']
Buddy	Dreamville	1	['5WnfnSpuNEGXyEt78PBA6d']
Buddy	Guapdad 4000	1	['5WnfnSpuNEGXyEt78PBA6d']
Buddy	JID	1	['5WnfnSpuNEGXyEt78PBA6d']
Buddy	Jace	1	['5WnfnSpuNEGXyEt78PBA6d']
Buddy	Mez	1	['5WnfnSpuNEGXyEt78PBA6d']
Buddy	Reese LAFLARE	1	['5WnfnSpuNEGXyEt78PBA6d']
Buddy	Ski Mask The Slump God	1	['5WnfnSpuNEGXyEt78PBA6d']
Buddy	Smokepurpp	1	['5WnfnSpuNEGXyEt78PBA6d']
Dreamville	Guapdad 4000	1	['5WnfnSpuNEGXyEt78PBA6d']
Dreamville	Jace	1	['5WnfnSpuNEGXyEt78PBA6d']
Dreamville	Mez	1	['5WnfnSpuNEGXyEt78PBA6d']
Dreamville	Reese LAFLARE	1	['5WnfnSpuNEGXyEt78PBA6d']
Dreamville	Ski Mask The Slump God	1	['5WnfnSpuNEGXyEt78PBA6d']
Dreamville	Smokepurpp	1	['5WnfnSpuNEGXyEt78PBA6d']
Guapdad 4000	JID	1	['5WnfnSpuNEGXyEt78PBA6d']
Guapdad 4000	Jace	1	['5WnfnSpuNEGXyEt78PBA6d']
Guapdad 4000	Mez	1	['5WnfnSpuNEGXyEt78PBA6d']
Guapdad 4000	Reese LAFLARE	1	['5WnfnSpuNEGXyEt78PBA6d']
Guapdad 4000	Ski Mask The Slump God	1	['5WnfnSpuNEGXyEt78PBA6d']
Guapdad 4000	Smokepurpp	1	['5WnfnSpuNEGXyEt78PBA6d']
JID	Jace	1	['5WnfnSpuNEGXyEt78PBA6d']
JID	Mez	1	['5WnfnSpuNEGXyEt78PBA6d']
JID	Reese LAFLARE	1	['5WnfnSpuNEGXyEt78PBA6d']
JID	Ski Mask The Slump God	1	['5WnfnSpuNEGXyEt78PBA6d']
JID	Smokepurpp	1	['5WnfnSpuNEGXyEt78PBA6d']
Jace	Mez	1	['5WnfnSpuNEGXyEt78PBA6d']
Jace	Reese LAFLARE	1	['5WnfnSpuNEGXyEt78PBA6d']
Jace	Ski Mask The Slump God	1	['5WnfnSpuNEGXyEt78PBA6d']
Jace	Smokepurpp	1	['5WnfnSpuNEGXyEt78PBA6d']
Mez	Reese LAFLARE	1	['5WnfnSpuNEGXyEt78PBA6d']
Mez	Ski Mask The Slump God	1	['5WnfnSpuNEGXyEt78PBA6d']
Mez	Smokepurpp	1	['5WnfnSpuNEGXyEt78PBA6d']
Reese LAFLARE	Ski Mask The Slump God	1	['5WnfnSpuNEGXyEt78PBA6d']
Reese LAFLARE	Smokepurpp	1	['5WnfnSpuNEGXyEt78PBA6d']
Ski Mask The Slump God	Smokepurpp	1	['5WnfnSpuNEGXyEt78PBA6d']
Dani Faiv	Fabri Fibra	1	['3Hh0ZcGIqIkSiJVZGLcVLx']
Dani Faiv	MACHETE	1	['3Hh0ZcGIqIkSiJVZGLcVLx']
Dani Faiv	tha Supreme	1	['3Hh0ZcGIqIkSiJVZGLcVLx']
Fabri Fibra	MACHETE	1	['3Hh0ZcGIqIkSiJVZGLcVLx']
Fabri Fibra	tha Supreme	1	['3Hh0ZcGIqIkSiJVZGLcVLx']
MACHETE	tha Supreme	1	['3Hh0ZcGIqIkSiJVZGLcVLx']
Ozuna	ROSALÍA	1	['7BlBVFwvbWvcwNcUarQmjk']
2 Chainz	Travis Scott	1	['6Z4rmc0uujCpl8yXe3yjgI']
Anuel AA	Sech	1	['4bTZeO72FwMa6wKOiqoynL']
Anitta	J Balvin	1	['1OUPXna2MCgAt3VNmXJBtg']
Anitta	Mc Zaac	1	['1OUPXna2MCgAt3VNmXJBtg']
Anitta	Tropkillaz	1	['1OUPXna2MCgAt3VNmXJBtg']
J Balvin	Mc Zaac	1	['1OUPXna2MCgAt3VNmXJBtg']
J Balvin	Tropkillaz	1	['1OUPXna2MCgAt3VNmXJBtg']
Mc Zaac	Tropkillaz	1	['1OUPXna2MCgAt3VNmXJBtg']
Kanye West	Lil Pump	1	['4S8d14HvHb70ImctNgVzQQ']
BTS	Lil Nas X	1	['6woeVu3fVMflqen1t4N6pg']
BTS	RM	1	['6woeVu3fVMflqen1t4N6pg']
Lil Nas X	RM	1	['6woeVu3fVMflqen1t4N6pg']
Gesaffelstein	The Weeknd	1	['7wFybC8jBH3zE139OpCtpG']
Camila Cabello	DaBaby	1	['3yOlyBJuViE2YSGn3nVE1K']
Halsey	Travis Barker	1	['4mGdjNMo0RonTlOEb7cYg4']
Halsey	YUNGBLUD	1	['4mGdjNMo0RonTlOEb7cYg4']
A$AP Rocky	Skepta	1	['7ycWLEP1GsNjVvcjawXz3z']
Dynoro	Gigi D'Agostino	1	['0E9ZjEAyAwOXZ7wJC0PD33']
Hit-Boy	Nipsey Hussle	1	['6ya8ejoKgw906Y8LWclqrp']
Hit-Boy	Roddy Ricch	1	['6ya8ejoKgw906Y8LWclqrp']
Nipsey Hussle	Roddy Ricch	1	['6ya8ejoKgw906Y8LWclqrp']
Bing Crosby	John Scott Trotter & His Orchestra	1	['4so0Wek9Ig1p6CRCHuINwW']
Bing Crosby	Ken Darby Singers	1	['4so0Wek9Ig1p6CRCHuINwW']
John Scott Trotter & His Orchestra	Ken Darby Singers	1	['4so0Wek9Ig1p6CRCHuINwW']
Coldplay	The Chainsmokers	1	['6RUKPb4LETWmmr3iAEQktW']
Brytiago	DJ Luian	1	['4lzxJ4jCuFDXXGkE1LmpKR']
Brytiago	Mambo Kingz	1	['4lzxJ4jCuFDXXGkE1LmpKR']
Brytiago	Nicky Jam	1	['4lzxJ4jCuFDXXGkE1LmpKR']
DJ Luian	Darell	1	['4lzxJ4jCuFDXXGkE1LmpKR']
DJ Luian	Nicky Jam	1	['4lzxJ4jCuFDXXGkE1LmpKR']
Darell	Mambo Kingz	1	['4lzxJ4jCuFDXXGkE1LmpKR']
Mambo Kingz	Nicky Jam	1	['4lzxJ4jCuFDXXGkE1LmpKR']
Blueface	Cardi B	1	['1JkrD47SDpAbyvqKtolcea']
Blueface	YG	1	['1JkrD47SDpAbyvqKtolcea']
Cardi B	YG	1	['1JkrD47SDpAbyvqKtolcea']
Billie Eilish	Justin Bieber	1	['3yNZ5r3LKfdmjoS3gkhUCT']
Chris Brown	Marshmello	1	['4Q8aDd3H6LF8t4eY7So9O8']
Marshmello	Tyga	1	['4Q8aDd3H6LF8t4eY7So9O8']
Anuel AA	Bryant Myers	1	['27qRmG3zOWPvMYUkpPdQ1g']
BLACKPINK	Dua Lipa	1	['13hvHEstJ4sNbzdroPrPI3']
David Guetta	Martin Solveig	1	['0IhTEIjFaRt3B2NQYf9azQ']
Calvin Harris	Rag'n'Bone Man	1	['5itOtNx0WxtJmi1TQ3RuRd']
J Balvin	Selena Gomez	1	['1WSGTYKLEpKfNQYYW5Oymt']
J Balvin	Tainy	1	['1WSGTYKLEpKfNQYYW5Oymt']
J Balvin	benny blanco	1	['1WSGTYKLEpKfNQYYW5Oymt']
Selena Gomez	Tainy	1	['1WSGTYKLEpKfNQYYW5Oymt']
Selena Gomez	benny blanco	1	['1WSGTYKLEpKfNQYYW5Oymt']
Tainy	benny blanco	1	['1WSGTYKLEpKfNQYYW5Oymt']
ZAYN	Zhavia Ward	1	['1iWHabUgUuuKLBa0TzTHfk']
Future	Juice WRLD	1	['5274I4mUMnYczyeXkGDWZN']
Ariana Grande	Nicki Minaj	1	['7vJS1DPc3FzBtqBs8n3mW5']
Ariana Grande	Normani	1	['7vJS1DPc3FzBtqBs8n3mW5']
Nicki Minaj	Normani	1	['7vJS1DPc3FzBtqBs8n3mW5']
6ix9ine	Murda Beatz	1	['4QIyEq7TcTdAcxjI2AFlAK']
Murda Beatz	Nicki Minaj	1	['4QIyEq7TcTdAcxjI2AFlAK']
Azet	Zuna	1	['3aYAAXlB1yvUs5MJ0FI3bh']
RIN	Ufo361	1	['1x4MJYA9mJRph3fygU51K4']
Cardi B	French Montana	1	['7x9nXsowok1JszkVztI5NI']
Cardi B	Post Malone	1	['7x9nXsowok1JszkVztI5NI']
Cardi B	Rvssian	1	['7x9nXsowok1JszkVztI5NI']
French Montana	Post Malone	1	['7x9nXsowok1JszkVztI5NI']
French Montana	Rvssian	1	['7x9nXsowok1JszkVztI5NI']
Post Malone	Rvssian	1	['7x9nXsowok1JszkVztI5NI']
Cardi B	Maroon 5	1	['7fa9MBXhVfQ8P8Df9OEbD8']
Post Malone	Quavo	1	['3a1lNhkSLSkpJE4MSHpDu9']
Capital Bra	Kalazh44	1	['4Rif4wqdvzy84dhP1apC4Y']
Capital Bra	Luciano	1	['4Rif4wqdvzy84dhP1apC4Y']
Capital Bra	Nimo	1	['4Rif4wqdvzy84dhP1apC4Y']
Kalazh44	Luciano	1	['4Rif4wqdvzy84dhP1apC4Y']
Kalazh44	Nimo	1	['4Rif4wqdvzy84dhP1apC4Y']
Kalazh44	Samra	1	['4Rif4wqdvzy84dhP1apC4Y']
Luciano	Nimo	1	['4Rif4wqdvzy84dhP1apC4Y']
Nimo	Samra	1	['4Rif4wqdvzy84dhP1apC4Y']
Dixie Chicks	Taylor Swift	1	['4AYtqFyFbX0Xkc2wtcygTr']
Kygo	Valerie Broussard	1	['3Kuu5vASpXK8oRsxOvau6P']
Lil Uzi Vert	Young Thug	1	['3pTScODwk9tggZzmuH6xDY']
Brooks	David Guetta	1	['4Tvw0lweq9l2JPQKFbpbBQ']
Brooks	Loote	1	['4Tvw0lweq9l2JPQKFbpbBQ']
David Guetta	Loote	1	['4Tvw0lweq9l2JPQKFbpbBQ']
Grey	Maren Morris	1	['09IStsImFySgyp0pIQdqAc']
Grey	Zedd	1	['09IStsImFySgyp0pIQdqAc']
Maren Morris	Zedd	1	['09IStsImFySgyp0pIQdqAc']
Diplo	Ellie Goulding	1	['5JEx7HbmvHQQswJCsoo9rA']
Diplo	Swae Lee	1	['5JEx7HbmvHQQswJCsoo9rA']
Ellie Goulding	Swae Lee	1	['5JEx7HbmvHQQswJCsoo9rA']
Almighty	Myke Towers	1	['2B94bbI1a4LyBpK1439oP7']
Almighty	Noriel	1	['2B94bbI1a4LyBpK1439oP7']
Almighty	Rauw Alejandro	1	['2B94bbI1a4LyBpK1439oP7']
Myke Towers	Noriel	1	['2B94bbI1a4LyBpK1439oP7']
Myke Towers	Rauw Alejandro	1	['2B94bbI1a4LyBpK1439oP7']
Noriel	Rauw Alejandro	1	['2B94bbI1a4LyBpK1439oP7']
Chance the Rapper	DaBaby	1	['00ko9WaS4jOX1kEk3gvHjf']
Chance the Rapper	MadeinTYO	1	['00ko9WaS4jOX1kEk3gvHjf']
DaBaby	MadeinTYO	1	['00ko9WaS4jOX1kEk3gvHjf']
Doja Cat	Tyga	1	['7f5trao56t7sB7f14QDTmp']
Summer Walker	Usher	1	['3TTMUI5dFcbeNSDTTDY9M8']
Elley Duhé	Zedd	1	['4keoy2fqgwGnbWlm3ZVZFa']
Brando	Loud Luxury	1	['7K7MUBCnzgBAvMVW2RTWNs']
MACHETE	Marracash	1	['28fRkU3vhqAJdl9i9458pQ']
MACHETE	Nitro	1	['28fRkU3vhqAJdl9i9458pQ']
Marracash	Nitro	1	['28fRkU3vhqAJdl9i9458pQ']
Marracash	Salmo	1	['28fRkU3vhqAJdl9i9458pQ']
Nitro	Salmo	1	['28fRkU3vhqAJdl9i9458pQ']
Dennis DJ	MC Kevinho	1	['5yH8pYxNckOU1cxfPsMIaz']
Chance the Rapper	Murda Beatz	1	['0yFvWTLs3iIwDbc91noXGT']
Chance the Rapper	TisaKorean	1	['0yFvWTLs3iIwDbc91noXGT']
Murda Beatz	TisaKorean	1	['0yFvWTLs3iIwDbc91noXGT']
Mustard	Roddy Ricch	1	['3QzAOrNlsabgbMwlZt7TAY']
Anitta	Rita Ora	1	['6JqpFboOH2bq9pzaYbkKBn']
Anitta	Sofia Reyes	1	['6JqpFboOH2bq9pzaYbkKBn']
Rita Ora	Sofia Reyes	1	['6JqpFboOH2bq9pzaYbkKBn']
Diplo	El Alfa	1	['1G2CAJeP7rCwOZjlSJ0Zw3']
Diplo	J Balvin	1	['1G2CAJeP7rCwOZjlSJ0Zw3']
El Alfa	J Balvin	1	['1G2CAJeP7rCwOZjlSJ0Zw3']
El Alfa	Major Lazer	1	['1G2CAJeP7rCwOZjlSJ0Zw3']
J Balvin	Major Lazer	1	['1G2CAJeP7rCwOZjlSJ0Zw3']
Daddy Yankee	Jonas Brothers	1	['7BuSE9uTIw931wtZYzvZcQ']
Daddy Yankee	Sebastian Yatra	1	['7BuSE9uTIw931wtZYzvZcQ']
Jonas Brothers	Natti Natasha	1	['7BuSE9uTIw931wtZYzvZcQ']
Jonas Brothers	Sebastian Yatra	1	['7BuSE9uTIw931wtZYzvZcQ']
Natti Natasha	Sebastian Yatra	1	['7BuSE9uTIw931wtZYzvZcQ']
Anuel AA	Tainy	1	['3jbT1Y5MoPwEIpZndDDwVq']
Ozuna	Tainy	1	['3jbT1Y5MoPwEIpZndDDwVq']
JP Saxe	Julia Michaels	1	['2kJwzbxV2ppxnQoYw4GLBZ']
Dardan	Eno	1	['2nvmHDiEWXRzS6FUDzUhVL']
Galantis	OneRepublic	1	['1pfgsjmxVZhoZpeDx6POKv']
DaBaby	Moneybagg Yo	1	['2FvD20Z8aoWIePi7PoN8sG']
Lil Baby	Moneybagg Yo	1	['2FvD20Z8aoWIePi7PoN8sG']
Ariana Grande	Lizzo	1	['07Oz5StQ7GRoygNLaXs2pd']
KAROL G	Nicki Minaj	1	['7k4t7uLgtOxPwTpFmtJNTY']
Diplo	Dua Lipa	1	['5N4erncE7kuUccm7zEmwzk']
Diplo	Mark Ronson	1	['5N4erncE7kuUccm7zEmwzk']
Diplo	Silk City	1	['5N4erncE7kuUccm7zEmwzk']
Dua Lipa	Mark Ronson	1	['5N4erncE7kuUccm7zEmwzk']
Dua Lipa	Silk City	1	['5N4erncE7kuUccm7zEmwzk']
Mark Ronson	Silk City	1	['5N4erncE7kuUccm7zEmwzk']
Meek Mill	Roddy Ricch	1	['4bl1HBZliBuYpFZjWgefE4']
B. Swanson Quartet	Frank Sinatra	1	['4kKdvXD0ez7jp1296JmAts']
Alesso	TINI	1	['2JoIjuzRplpYGvvLpSW2on']
Feid	Nicky Jam	1	['7anSoGdgtmJTAPZBzcPhO6']
Justin Quiles	Rafa Pabön	1	['7anSoGdgtmJTAPZBzcPhO6']
Nicky Jam	Rafa Pabön	1	['7anSoGdgtmJTAPZBzcPhO6']
Kygo	The Chainsmokers	1	['3TKpJrY9q49Mj1JOsM9zGL']
Bad Bunny	Cardi B	1	['58q2HKrzhC3ozto2nDdN4z']
Cardi B	J Balvin	1	['58q2HKrzhC3ozto2nDdN4z']
David Guetta	RAYE	1	['4YhN72dRYL2Z3MsaKyT7rS']
Dímelo Flow	Farruko	1	['684EjRHwNsZQ9hCQxL4NYL']
Dímelo Flow	Lunay	1	['684EjRHwNsZQ9hCQxL4NYL']
Dímelo Flow	Nicky Jam	1	['684EjRHwNsZQ9hCQxL4NYL']
Farruko	Lunay	1	['684EjRHwNsZQ9hCQxL4NYL']
Lunay	Nicky Jam	1	['684EjRHwNsZQ9hCQxL4NYL']
Lunay	Sech	1	['684EjRHwNsZQ9hCQxL4NYL']
Lunay	Zion	1	['684EjRHwNsZQ9hCQxL4NYL']
Nicky Jam	Zion	1	['684EjRHwNsZQ9hCQxL4NYL']
Chelsea Cutler	Kygo	1	['6aoGtdWXBkYQ2O2wnyIz2x']
Kanye West	YNW Melly	1	['6vWEAOUSxohKxhp0K1BsxL']
Chris Brown	Ink	1	['7ILEWkpfdK6AjH2D7jppWk']
Chris Brown	Justin Bieber	1	['7ILEWkpfdK6AjH2D7jppWk']
Ink	Justin Bieber	1	['7ILEWkpfdK6AjH2D7jppWk']
Ghostface Killah	Miley Cyrus	1	['42zePe03Iq8tvFcJAIKkp8']
Christian Nodal	Piso 21	1	['1cVlW9WQiGlFdWUXFdFZGh']
Anitta	Dalex	1	['1Xnn1TPyr5h0hpRAT4B4EA']
Anitta	Farruko	1	['1Xnn1TPyr5h0hpRAT4B4EA']
Anitta	Justin Quiles	1	['1Xnn1TPyr5h0hpRAT4B4EA']
Anitta	Lenny Tavárez	1	['1Xnn1TPyr5h0hpRAT4B4EA']
Anitta	Natti Natasha	1	['1Xnn1TPyr5h0hpRAT4B4EA']
Death Stranding: Timefall	Diplo	1	['0Z26mbSHJ1dkUu7g9DDgif']
Death Stranding: Timefall	Khalid	1	['0Z26mbSHJ1dkUu7g9DDgif']
Death Stranding: Timefall	Major Lazer	1	['0Z26mbSHJ1dkUu7g9DDgif']
Diplo	Khalid	1	['0Z26mbSHJ1dkUu7g9DDgif']
Khalid	Major Lazer	1	['0Z26mbSHJ1dkUu7g9DDgif']
Natti Natasha	Zion	1	['1ndyl3wJCFs872XZ3ztPk6']
A Boogie Wit da Hoodie	Internet Money	1	['735RSTb2xbtWbDtKD9XDYi']
A Boogie Wit da Hoodie	Lil Tecca	1	['735RSTb2xbtWbDtKD9XDYi']
Internet Money	Lil Tecca	1	['735RSTb2xbtWbDtKD9XDYi']
Juice WRLD	Ski Mask The Slump God	1	['74lnM5V6ecvoTPV0fvptx9']
Gunna	Metro Boomin	1	['1fewSx2d5KIZ04wsooEBOz']
David Bowie	Queen	1	['2fuCquhmrzHpu5xcA1ci9x']
BTS	Charli XCX	1	['4c1WgUnHXq2LEncGHKgj1I']
Drake	Swae Lee	1	['2sqsNXfN0HtgDEgaHXiUTa']
Brytiago	Cauty	1	['7kuRvjpeUcn6qNV9IBXC2C']
Brytiago	Chencho Corleone	1	['7kuRvjpeUcn6qNV9IBXC2C']
Brytiago	Cosculluela	1	['7kuRvjpeUcn6qNV9IBXC2C']
Brytiago	Rafa Pabön	1	['7kuRvjpeUcn6qNV9IBXC2C']
Cauty	Chencho Corleone	1	['7kuRvjpeUcn6qNV9IBXC2C']
Cauty	Cosculluela	1	['7kuRvjpeUcn6qNV9IBXC2C']
Cauty	Darell	1	['7kuRvjpeUcn6qNV9IBXC2C']
Cauty	Rafa Pabön	1	['7kuRvjpeUcn6qNV9IBXC2C']
Chencho Corleone	Cosculluela	1	['7kuRvjpeUcn6qNV9IBXC2C']
Chencho Corleone	Darell	1	['7kuRvjpeUcn6qNV9IBXC2C']
Chencho Corleone	Rafa Pabön	1	['7kuRvjpeUcn6qNV9IBXC2C']
Cosculluela	Darell	1	['7kuRvjpeUcn6qNV9IBXC2C']
Cosculluela	Rafa Pabön	1	['7kuRvjpeUcn6qNV9IBXC2C']
Darell	Rafa Pabön	1	['7kuRvjpeUcn6qNV9IBXC2C']
Beyoncé	Childish Gambino	1	['7oqftogUN82Q7VNy2TmTJW']
Beyoncé	JAY-Z	1	['7oqftogUN82Q7VNy2TmTJW']
Beyoncé	Oumou Sangaré	1	['7oqftogUN82Q7VNy2TmTJW']
Childish Gambino	JAY-Z	1	['7oqftogUN82Q7VNy2TmTJW']
Childish Gambino	Oumou Sangaré	1	['7oqftogUN82Q7VNy2TmTJW']
JAY-Z	Oumou Sangaré	1	['7oqftogUN82Q7VNy2TmTJW']
Ed Sheeran	Ella Mai	1	['5T03itPFOPGGkvVPvPiyla']
The Chainsmokers	Ty Dolla $ign	1	['5MvLsT03RBp67RLoeISCdl']
The Chainsmokers	bülow	1	['5MvLsT03RBp67RLoeISCdl']
Ty Dolla $ign	bülow	1	['5MvLsT03RBp67RLoeISCdl']
Bonez MC	Gzuz	1	['0kLA41xkWzzYzMIEGFuDkP']
Bonez MC	LX	1	['0kLA41xkWzzYzMIEGFuDkP']
Bonez MC	Maxwell	1	['0kLA41xkWzzYzMIEGFuDkP']
Bonez MC	Sa4	1	['0kLA41xkWzzYzMIEGFuDkP']
Gzuz	LX	1	['0kLA41xkWzzYzMIEGFuDkP']
Gzuz	Maxwell	1	['0kLA41xkWzzYzMIEGFuDkP']
Gzuz	Sa4	1	['0kLA41xkWzzYzMIEGFuDkP']
LX	Maxwell	1	['0kLA41xkWzzYzMIEGFuDkP']
LX	Sa4	1	['0kLA41xkWzzYzMIEGFuDkP']
Maxwell	Sa4	1	['0kLA41xkWzzYzMIEGFuDkP']
Ariana Grande	Social House	1	['0Ryd8975WihbObpp5cPW1t']
Bryson Tiller	Summer Walker	1	['2xyx0o4xNOLLjBSbOOdcbA']
Anitta	Lexa	1	['2bPtwnrpFNEe8N7Q85kLHw']
Anitta	Luísa Sonza	1	['2bPtwnrpFNEe8N7Q85kLHw']
Anitta	Mc Rebecca	1	['2bPtwnrpFNEe8N7Q85kLHw']
Lexa	Luísa Sonza	1	['2bPtwnrpFNEe8N7Q85kLHw']
Lexa	Mc Rebecca	1	['2bPtwnrpFNEe8N7Q85kLHw']
Luísa Sonza	Mc Rebecca	1	['2bPtwnrpFNEe8N7Q85kLHw']
Becky Hill	Goodboys	1	['7CHi4DtfK4heMlQaudCuHK']
Becky Hill	MEDUZA	1	['7CHi4DtfK4heMlQaudCuHK']
Ninho	Niska	1	['5c2HadbVTsMKjja4gohEFI']
Evan Rachel Wood	Idina Menzel	1	['50WeOnXhM1H7AZEeIDoWfZ']
AURORA	Idina Menzel	1	['3Z0oQ8r78OUaHvGPiDBR3W']
Imagine Dragons	Kygo	1	['4M3FO0ji6Lc8vwD1sgf1nc']
Kygo	Whitney Houston	1	['6oJ6le65B3SEqPwMRNXWjY']
Micro TDH	Piso 21	1	['059bcIhyc2SBwm6sw2AZzd']
A Boogie Wit da Hoodie	Lil Uzi Vert	1	['364spZLB5bhNlnPrzvUB41']
T-Pain	Tory Lanez	1	['6JsHgIkMYHcbNtKfsal2Mg']
Michael Bublé	The Puppini Sisters	1	['4qBejt9FeqLI9blHI1Nq1x']
G-Eazy	Logic	1	['2SDFznsHkeFXiPFwN0npVM']
Jonas Blue	Rita Ora	1	['3M9Apu4OZfylLTFKvgEtKa']
Jonas Blue	Tiësto	1	['3M9Apu4OZfylLTFKvgEtKa']
Rita Ora	Tiësto	1	['3M9Apu4OZfylLTFKvgEtKa']
Bonez MC	The Cratez	1	['0WFgtxiLNr99YaoSdYR3Ud']
Anne-Marie	Marshmello	1	['08bNPGLD8AhKpnnERrAc6G']
Anuel AA	Haze	1	['1LiN0Z98FkR1t0m8KmLcAH']
Khalid	P!nk	1	['2BM7nF0pMIpLQOT04o691Z']
Chris Brown	J Balvin	1	['1jlnBQGP2DtSEhMgQaz7a7']
Marshmello	Roddy Ricch	1	['0PowxVSTY2uh1CPc8EPKyX']
Dan + Shay	Justin Bieber	1	['2wrJq5XKLnmhRXHIAf9xBa']
Brett Eldredge	Meghan Trainor	1	['5Q2P43CJra0uRAogjHyJDK']
Calvin Harris	Jessie Reyez	1	['5N5k9nd479b1xpDZ4usjrg']
Calvin Harris	Sam Smith	1	['5N5k9nd479b1xpDZ4usjrg']
Jessie Reyez	Sam Smith	1	['5N5k9nd479b1xpDZ4usjrg']
J Balvin	Nicky Jam	1	['39N9RPD9MRb5WmoLzNzPeA']
The Chainsmokers	Winona Oak	1	['4BiiOzZCrXEzHRLYcYFiD5']
Gucci Mane	Lil Skies	1	['0hCHNYL8ApQCGNwJrYN1FY']
Quavo	Tory Lanez	1	['5CKtlUULFD5aPVX4PL02H6']
Quavo	Tyga	1	['5CKtlUULFD5aPVX4PL02H6']
Tory Lanez	Tyga	1	['5CKtlUULFD5aPVX4PL02H6']
Bradley Cooper	Lady Gaga	1	['2VxeLyX666F8uXCJ0dZF8B']
Bebe Rexha	David Guetta	1	['0YammaEkYSeo9vQYZ1OwS6']
Bebe Rexha	J Balvin	1	['0YammaEkYSeo9vQYZ1OwS6']
David Guetta	J Balvin	1	['0YammaEkYSeo9vQYZ1OwS6']
Anuel AA	Manuel Turizo	1	['4fj7e6Tc48Bmomwyz2Z2XC']
Afro Bros	Daddy Yankee	1	['0U6bQIAh6MCGo1xjbIIx2S']
Afro Bros	David Guetta	1	['0U6bQIAh6MCGo1xjbIIx2S']
Afro Bros	Dimitri Vegas	1	['0U6bQIAh6MCGo1xjbIIx2S']
Afro Bros	Dimitri Vegas & Like Mike	1	['0U6bQIAh6MCGo1xjbIIx2S']
Afro Bros	Like Mike	1	['0U6bQIAh6MCGo1xjbIIx2S']
Afro Bros	Natti Natasha	1	['0U6bQIAh6MCGo1xjbIIx2S']
Daddy Yankee	David Guetta	1	['0U6bQIAh6MCGo1xjbIIx2S']
Daddy Yankee	Dimitri Vegas	1	['0U6bQIAh6MCGo1xjbIIx2S']
Daddy Yankee	Dimitri Vegas & Like Mike	1	['0U6bQIAh6MCGo1xjbIIx2S']
Daddy Yankee	Like Mike	1	['0U6bQIAh6MCGo1xjbIIx2S']
David Guetta	Dimitri Vegas	1	['0U6bQIAh6MCGo1xjbIIx2S']
David Guetta	Dimitri Vegas & Like Mike	1	['0U6bQIAh6MCGo1xjbIIx2S']
David Guetta	Like Mike	1	['0U6bQIAh6MCGo1xjbIIx2S']
David Guetta	Natti Natasha	1	['0U6bQIAh6MCGo1xjbIIx2S']
Dimitri Vegas	Dimitri Vegas & Like Mike	1	['0U6bQIAh6MCGo1xjbIIx2S']
Dimitri Vegas	Like Mike	1	['0U6bQIAh6MCGo1xjbIIx2S']
Dimitri Vegas	Natti Natasha	1	['0U6bQIAh6MCGo1xjbIIx2S']
Dimitri Vegas & Like Mike	Like Mike	1	['0U6bQIAh6MCGo1xjbIIx2S']
Dimitri Vegas & Like Mike	Natti Natasha	1	['0U6bQIAh6MCGo1xjbIIx2S']
Like Mike	Natti Natasha	1	['0U6bQIAh6MCGo1xjbIIx2S']
Lil Baby	Lil Duke	1	['2KEux6D75xjj6fdabXpeAu']
Lil Baby	Trippie Redd	1	['2KEux6D75xjj6fdabXpeAu']
Lil Duke	Trippie Redd	1	['2KEux6D75xjj6fdabXpeAu']
Henning May	Juju	1	['1SSzM044DUbVpYNNHWIhYJ']
Ezhel	Murda	1	['4IJEw3fDvS6XF4sDc3bvjK']
Jerry Smith	Márcia Fellipe	1	['2lAyctg5FocS67eksHoyIg']
Hava	Nimo	1	['6416zJN0FGPmh1Ph4BH2h3']
Marracash	Sfera Ebbasta	1	['020wG4EHTwBy5h2rbpxqvK']
Marracash	tha Supreme	1	['020wG4EHTwBy5h2rbpxqvK']
Sfera Ebbasta	tha Supreme	1	['020wG4EHTwBy5h2rbpxqvK']
Bruno Mars	Cardi B	1	['0PG9fbaaHFHfre2gUVo7AN']
Bazzi	Camila Cabello	1	['4VUwkH455At9kENOfzTqmF']
6ix9ine	Kanye West	1	['1oJ8EDr2pv94IvSd6ZmDgo']
Kanye West	Nicki Minaj	1	['1oJ8EDr2pv94IvSd6ZmDgo']
Ant Clemons	Ty Dolla $ign	1	['24bnCCysWnbNRNUT4LpHcP']
Kanye West	Ty Dolla $ign	1	['24bnCCysWnbNRNUT4LpHcP']
Captain Cuts	Felix Jaehn	1	['7FjZU7XFs7P9jHI9Z0yRhK']
Captain Cuts	Georgia Ku	1	['7FjZU7XFs7P9jHI9Z0yRhK']
Captain Cuts	NOTD	1	['7FjZU7XFs7P9jHI9Z0yRhK']
Felix Jaehn	Georgia Ku	1	['7FjZU7XFs7P9jHI9Z0yRhK']
Felix Jaehn	NOTD	1	['7FjZU7XFs7P9jHI9Z0yRhK']
Georgia Ku	NOTD	1	['7FjZU7XFs7P9jHI9Z0yRhK']
Chance the Rapper	DJ Khaled	1	['5WvAo7DNuPRmk4APhdPzi8']
Chance the Rapper	Justin Bieber	1	['5WvAo7DNuPRmk4APhdPzi8']
Chance the Rapper	Quavo	1	['5WvAo7DNuPRmk4APhdPzi8']
DJ Khaled	Justin Bieber	1	['5WvAo7DNuPRmk4APhdPzi8']
DJ Khaled	Quavo	1	['5WvAo7DNuPRmk4APhdPzi8']
Justin Bieber	Quavo	1	['5WvAo7DNuPRmk4APhdPzi8']
Kanye West	Sunday Service Choir	1	['1WnqWQcWcuQbVzgE7ecfCY']
Marshmello	Selena Gomez	1	['0tBbt8CrmxbjRP0pueQkyU']
21 Savage	Travis Scott	1	['7pMRoGLEJuFM2wl5pt0R99']
Jonas Blue	Theresa Rex	1	['4NSW0Km5ZG60L8FthUebPJ']
Bad Bunny	Marciano Cantero	1	['7hynhxDoDpgMIV12JuVtNa']
J Balvin	Marciano Cantero	1	['7hynhxDoDpgMIV12JuVtNa']
Camila Cabello	Cardi B	1	['4vUmTMuQqjdnvlZmAH61Qk']
Camila Cabello	Ed Sheeran	1	['4vUmTMuQqjdnvlZmAH61Qk']
Cardi B	Ed Sheeran	1	['4vUmTMuQqjdnvlZmAH61Qk']
Joyner Lucas	Logic	1	['36TO60sxDduIsO3xH8IcUh']
Farid Bang	French Montana	1	['1IBUPdwV9TvaipSODdt8QY']
Farid Bang	Khaled	1	['1IBUPdwV9TvaipSODdt8QY']
French Montana	Khaled	1	['1IBUPdwV9TvaipSODdt8QY']
Blueface	NLE Choppa	1	['67XyC1GdSkKb9sbRRkUDXS']
Juice WRLD	YoungBoy Never Broke Again	1	['6Gg1gjgKi2AK4e0qzsR7sd']
Drake	Meek Mill	1	['2IRZnDFmlqMuOrYOLnZZyc']
John Lennon	The Harlem Community Choir	1	['3zJw3rugfpVrmBeDDnUYzy']
John Lennon	The Plastic Ono Band	1	['3zJw3rugfpVrmBeDDnUYzy']
John Lennon	Yoko Ono	1	['3zJw3rugfpVrmBeDDnUYzy']
The Harlem Community Choir	The Plastic Ono Band	1	['3zJw3rugfpVrmBeDDnUYzy']
The Harlem Community Choir	Yoko Ono	1	['3zJw3rugfpVrmBeDDnUYzy']
The Plastic Ono Band	Yoko Ono	1	['3zJw3rugfpVrmBeDDnUYzy']
Becky G	j-hope	1	['6wyr4ReB05D9sJB1Rsmcqo']
Khalid	SAFE	1	['1E6DEDWDKHoOW0fcFuDghV']
Megan Thee Stallion	Nicki Minaj	1	['5N1o6d8zGcSZSeMFkOUQOk']
Megan Thee Stallion	Ty Dolla $ign	1	['5N1o6d8zGcSZSeMFkOUQOk']
Nicki Minaj	Ty Dolla $ign	1	['5N1o6d8zGcSZSeMFkOUQOk']
J Balvin	Zion & Lennox	1	['5qFeMRz4TvetPmzjre9Dq7']
Bad Bunny	Mr Eazi	1	['7knLcYCOSaURD0d7HUULFM']
J Balvin	Mr Eazi	1	['7knLcYCOSaURD0d7HUULFM']
2 Chainz	Ariana Grande	1	['1R6VwZ8TuHRzxZUxe88n4I']
Labrinth	Zendaya	1	['10hMM5nsZQf66ldBlgWBfG']
Drake	Gunna	1	['6wWaVoUOzLQJHd3bWAUpdZ']
Ariana Grande	Victoria Monét	1	['6tsOcBnaKgzK22yEiqRh8P']
A Boogie Wit da Hoodie	Offset	1	['0jAfdqv18goRTUxm3ilRjb']
A Boogie Wit da Hoodie	Tyga	1	['0jAfdqv18goRTUxm3ilRjb']
Brytiago	Daddy Yankee	1	['59PYgzOiOjGDzjDT5N5oOX']
Brytiago	Ozuna	1	['59PYgzOiOjGDzjDT5N5oOX']
Daddy Yankee	Darell	1	['59PYgzOiOjGDzjDT5N5oOX']
Bausa	RIN	1	['41wZE5FpxbPaZqXtlmBhPG']
6ix9ine	Lil Baby	1	['4m5Cd9kAbIxg6t9sMrQWtk']
KC Rebell	RAF Camora	1	['3GmfHF5RUe6r5C9UbvIXQp']
Daddy Yankee	Wisin & Yandel	1	['7MRU4vOkywuhZ9kbFiPuiu']
A$AP Ferg	Big Sean	1	['2B9wgj9XzbJZLty03PRbVo']
A$AP Ferg	Hit-Boy	1	['2B9wgj9XzbJZLty03PRbVo']
Big Sean	Hit-Boy	1	['2B9wgj9XzbJZLty03PRbVo']
Bebe Rexha	Jax Jones	1	['5RgBnDtHKFHgtVdqabjGE3']
Arcangel	Dímelo Flow	1	['7sQKy5vlPQllr0k9IjYJv3']
Future	Lil Baby	1	['2wZjsbwmWfNVslgV5afl1L']
Camilo	Pedro Capó	1	['1nocRtwyNPVtGcIJqfgdzZ']
A Boogie Wit da Hoodie	Ed Sheeran	1	['4vIKzWqtn44umal5jXq4wE']
A Boogie Wit da Hoodie	Meek Mill	1	['4vIKzWqtn44umal5jXq4wE']
Ed Sheeran	Meek Mill	1	['4vIKzWqtn44umal5jXq4wE']
Anuel AA	Lunay	1	['37zdqI4r1gswIzczSBkRon']
Lunay	Ozuna	1	['37zdqI4r1gswIzczSBkRon']
J Balvin	Maluma	1	['5099x34vBakWpGkHourFxP']
Becky G	Farruko	1	['3dWpRjCmaHbroNahuSeX11']
Becky G	Guaynaa	1	['3dWpRjCmaHbroNahuSeX11']
Becky G	Nicky Jam	1	['3dWpRjCmaHbroNahuSeX11']
Becky G	Sech	1	['3dWpRjCmaHbroNahuSeX11']
Farruko	Guaynaa	1	['3dWpRjCmaHbroNahuSeX11']
Guaynaa	Nicky Jam	1	['3dWpRjCmaHbroNahuSeX11']
Guaynaa	Sech	1	['3dWpRjCmaHbroNahuSeX11']
Beyoncé	Blue Ivy	1	['0B3FovCVaGKS5w1FTidEUP']
Beyoncé	SAINt JHN	1	['0B3FovCVaGKS5w1FTidEUP']
Beyoncé	WizKid	1	['0B3FovCVaGKS5w1FTidEUP']
Blue Ivy	SAINt JHN	1	['0B3FovCVaGKS5w1FTidEUP']
Blue Ivy	WizKid	1	['0B3FovCVaGKS5w1FTidEUP']
SAINt JHN	WizKid	1	['0B3FovCVaGKS5w1FTidEUP']
Mark Ronson	Miley Cyrus	1	['27rdGxbavYJeBphck5MZAF']
Luciano	Ufo361	1	['7MqL7uh6zGd8x0B9srz3r0']
Avril Lavigne	Nicki Minaj	1	['1Spmq0UazGU6ovMIlGldZX']
J. Cole	Offset	1	['32iPykTXUNZ9oGyACGUybq']
Halsey	Khalid	1	['7FGq80cy8juXBCD2nrqdWU']
Halsey	benny blanco	1	['7FGq80cy8juXBCD2nrqdWU']
Khalid	benny blanco	1	['7FGq80cy8juXBCD2nrqdWU']
Data Luv	Ufo361	1	['7yosVOH7pRWrKANBDbsBqI']
Black Eyed Peas	J Balvin	1	['6cy3ki60hLwimwIje7tALf']
Billy Ray Cyrus	Mason Ramsey	1	['6jmZlyf9DxcIoRrjw02YXm']
Billy Ray Cyrus	Young Thug	1	['6jmZlyf9DxcIoRrjw02YXm']
Lil Nas X	Mason Ramsey	1	['6jmZlyf9DxcIoRrjw02YXm']
Lil Nas X	Young Thug	1	['6jmZlyf9DxcIoRrjw02YXm']
Mason Ramsey	Young Thug	1	['6jmZlyf9DxcIoRrjw02YXm']
Little Mix	Nicki Minaj	1	['222B3aljXx6fFwKmFjuBED']
John Mayer	Khalid	1	['09oZ9eXQ2fo6YDrPzJqAoP']
DJ Khaled	John Legend	1	['6O10oTtZIZ4DkkUqyfCbrR']
DJ Khaled	Nipsey Hussle	1	['6O10oTtZIZ4DkkUqyfCbrR']
John Legend	Nipsey Hussle	1	['6O10oTtZIZ4DkkUqyfCbrR']
Halsey	The Chainsmokers	1	['7BKLCZ1jbUBVqRi2FVlTVw']
Post Malone	Ty Dolla $ign	1	['3swc6WTsr7rl9DqQKQA55C']
50 Cent	Ed Sheeran	1	['0AtP8EkGPn6SwxKDaUuXec']
50 Cent	Eminem	1	['0AtP8EkGPn6SwxKDaUuXec']
Ed Sheeran	Eminem	1	['0AtP8EkGPn6SwxKDaUuXec']
Kygo	Sandro Cavazza	1	['14sOS5L36385FJ3OL8hew4']
6ix9ine	A Boogie Wit da Hoodie	1	['1wJRveJZLSb1rjhnUHQiv6']
Ariana Grande	Liz Gillies	1	['6YJdPrH3i2POzu7hdHIRrb']
John Williams	Mykola Dmytrovych Leontovych	1	['4tHqQMWSqmL6YjXwsqthDI']
BTS	Zara Larsson	1	['5XkyZyKMdFungjDb9cUKc3']
Clean Bandit	Demi Lovato	1	['3NuK5xMlSlB6K2Qp16zf3h']
Chris Jeday	Gaby Music	1	['4T4CZ3Q4z3GG7lU720YYhM']
Chris Jeday	Lunay	1	['4T4CZ3Q4z3GG7lU720YYhM']
Gaby Music	Lunay	1	['4T4CZ3Q4z3GG7lU720YYhM']
Felipe Araújo	Ferrugem	1	['5EKHbW7mXcAR4hCyS3YXjb']
Katy Perry	Zedd	1	['2XWjPtKdi5sucFYtVav07d']
6ix9ine	Tory Lanez	1	['6Gy7rXB6Ku5vIWC7WGWsl3']
Dímelo Flow	Feid	1	['4AjWbAwRpxk2worpjNH5CS']
Dímelo Flow	Justin Quiles	1	['4AjWbAwRpxk2worpjNH5CS']
Dímelo Flow	Rich Music LTD	1	['4AjWbAwRpxk2worpjNH5CS']
Dímelo Flow	Wisin	1	['4AjWbAwRpxk2worpjNH5CS']
MC Gury	MC L da Vinte	1	['3Hb9kUdm4yf839Fle4RIdT']
Becky G	Paulo Londra	1	['2XXMDz7SPZ4mSFN1PXfHUy']
Gucci Mane	Justin Bieber	1	['1VsqQEYObJsOPaeZwEXRPg']
21 Savage	Post Malone	1	['0e7ipj03S05BNilyu5bRzt']
Julia Michaels	Selena Gomez	1	['1XJ93XskwJf7PCyIVLbNBt']
Gradur	Heuss L'enfoiré	1	['4TnFANpjVwVKWzkxNzIyFH']
Big Sean	Chris Brown	1	['6Dq8FZrvx9S28iyaKSwn9x']
Big Sean	DJ Khaled	1	['6Dq8FZrvx9S28iyaKSwn9x']
Big Sean	Lil Wayne	1	['6Dq8FZrvx9S28iyaKSwn9x']
Chris Brown	DJ Khaled	1	['6Dq8FZrvx9S28iyaKSwn9x']
Chris Brown	Lil Wayne	1	['6Dq8FZrvx9S28iyaKSwn9x']
DJ Khaled	Lil Wayne	1	['6Dq8FZrvx9S28iyaKSwn9x']
Maroon 5	SZA	1	['0WdGQhoAP2LBsqr5Jhit2g']
Dave	Ed Sheeran	1	['2qRN7PWiHRLprw4FpDeI9N']
Dave	Paulo Londra	1	['2qRN7PWiHRLprw4FpDeI9N']
Ed Sheeran	Paulo Londra	1	['2qRN7PWiHRLprw4FpDeI9N']
Clipse	Kanye West	1	['0oPOuDmmkVp3h6puekhs6P']
Clipse	Kenny G	1	['0oPOuDmmkVp3h6puekhs6P']
Kanye West	Kenny G	1	['0oPOuDmmkVp3h6puekhs6P']
Zac Efron	Zendaya	1	['630sXRhIcfwr2e4RdNtjKN']
A Boogie Wit da Hoodie	Khalid	1	['6PYnUsNEpYC7A4BS2sjw3L']
Blake Shelton	Gwen Stefani	1	['2OQ6a4CfUeYskpTTgyawyJ']
Mitchell Ayres & His Orchestra	Perry Como	1	['2pXpURmn6zC5ZYDMms6fwa']
Mitchell Ayres & His Orchestra	The Fontane Sisters	1	['2pXpURmn6zC5ZYDMms6fwa']
Perry Como	The Fontane Sisters	1	['2pXpURmn6zC5ZYDMms6fwa']
Anne-Marie	James Arthur	1	['6mQLN3zRtAp6ovjusyYKrV']
Luis Fonsi	Nicky Jam	1	['5lwVd35Zg6DJ4qibVMq99H']
Luis Fonsi	Sebastian Yatra	1	['5lwVd35Zg6DJ4qibVMq99H']
Nicky Jam	Sebastian Yatra	1	['5lwVd35Zg6DJ4qibVMq99H']
El Guincho	J Balvin	1	['2qG5sZ7Si6sdK74qLxedYM']
El Guincho	ROSALÍA	1	['2qG5sZ7Si6sdK74qLxedYM']
J Balvin	ROSALÍA	1	['2qG5sZ7Si6sdK74qLxedYM']
DaBaby	Trippie Redd	1	['3Kd6Wp3lG5HXMB2dlvuy7y']
Farruko	Rauw Alejandro	1	['6mAN61JH0dzyZpWslS11jy']
Eminem	Joyner Lucas	1	['60SdxE8apGAxMiRrpbmLY0']
Future	Travis Scott	1	['3WRIaWsws011vHMd9uzPjG']
Lil Baby	Young Thug	1	['1GeNui6m825V8jP4uKiIaH']
Calvin Harris	Dua Lipa	1	['7ef4DlsgrMEH11cDZd32M6']
DaBaby	Migos	1	['1CCDIow4pPYyJYzhtTUYz2']
De La Ghetto	Justin Quiles	1	['53rkN7z3bKorDSIxDvqXNt']
De La Ghetto	Paulo Londra	1	['53rkN7z3bKorDSIxDvqXNt']
Bad Gyal	Omar Montes	1	['6RyuoOJXNzlVWpfC5xQyeI']
21 Savage	Bazzi	1	['12iDo4Kdw9vA2X1lN3UTVu']
Aaron Smith	Krono	1	['6WkJ2OK163XXS2oARUC9JM']
Aaron Smith	Luvli	1	['6WkJ2OK163XXS2oARUC9JM']
Krono	Luvli	1	['6WkJ2OK163XXS2oARUC9JM']
BlocBoy JB	Drake	1	['4qKcDkK6siZ7Jp1Jb4m0aL']
Animus	Bushido	1	['2l2UsmkfgmRC6fIDwwsiNM']
Alizzz	C. Tangana	1	['1KdwnsWOvhM53vezy5ROuf']
Alizzz	Paloma Mami	1	['1KdwnsWOvhM53vezy5ROuf']
C. Tangana	Paloma Mami	1	['1KdwnsWOvhM53vezy5ROuf']
Farruko	Pedro Capó	1	['5iwz1NiezX7WWjnCgY5TH4']
Luche	Sfera Ebbasta	1	['7iTTQvztpfrDneVSX9IGBD']
BTS	SUGA	1	['5a0nHa7F4S9hb0Zi0zLS8w']
Halsey	SUGA	1	['5a0nHa7F4S9hb0Zi0zLS8w']
G-Eazy	Gunna	1	['5bzaS5tAni5oUpW7bWVdtY']
Maluma	Reik	1	['2zDj4WjbNDmrRL6Z4YjjCA']
Daniel Caesar	H.E.R.	1	['4OBZT9EnhYIV17t4pGw7ig']
Julia Michaels	Niall Horan	1	['5WtfUKzXircvW8l5aaVZWT']
Michael Bublé	Shania Twain	1	['2gbCG4Rt9984UZ7Tc0dIFd']
Ghetto	Justin Quiles	1	['3H9GDhVVTlmFQSmpt51qiP']
Ghetto	Paulo Londra	1	['3H9GDhVVTlmFQSmpt51qiP']
Nicky Jam	Rauw Alejandro	1	['08aYFNUTIOMGq93e2VSArQ']
Kodak Black	Offset	1	['0FZ4Dmg8jJJAPJnvBIzD9z']
Kodak Black	Travis Scott	1	['0FZ4Dmg8jJJAPJnvBIzD9z']
BTS	Lauv	1	['314ZkcV7oLWG8yWE7LABvH']
Cardi B	Offset	1	['59ywHNwwchG4nZJMLyxSzd']
J Balvin	Lalo Ebratt	1	['59s0s39NFWScuHDbHytI14']
J Balvin	Reik	1	['59s0s39NFWScuHDbHytI14']
Lalo Ebratt	Reik	1	['59s0s39NFWScuHDbHytI14']
Chance the Rapper	Death Cab for Cutie	1	['67xBtV07CC73eFw7z5oCvU']
Fall Out Boy	ILOVEMAKONNEN	1	['2v5JTeM6hSmi5wWy7jiwrI']
Fall Out Boy	Lil Peep	1	['2v5JTeM6hSmi5wWy7jiwrI']
ILOVEMAKONNEN	Lil Peep	1	['2v5JTeM6hSmi5wWy7jiwrI']
Lil Pump	Maluma	1	['2LskIZrCeLxRvCiGP8gxlh']
Lil Pump	Swae Lee	1	['2LskIZrCeLxRvCiGP8gxlh']
Lil Pump	XXXTENTACION	1	['2LskIZrCeLxRvCiGP8gxlh']
Maluma	Swae Lee	1	['2LskIZrCeLxRvCiGP8gxlh']
Maluma	XXXTENTACION	1	['2LskIZrCeLxRvCiGP8gxlh']
Swae Lee	XXXTENTACION	1	['2LskIZrCeLxRvCiGP8gxlh']
Bruno Mars	Gucci Mane	1	['2G1tXoGBaEMJ7FKGnkf6ud']
Bruno Mars	Kodak Black	1	['2G1tXoGBaEMJ7FKGnkf6ud']
Gucci Mane	Kodak Black	1	['2G1tXoGBaEMJ7FKGnkf6ud']
Lazza	MACHETE	1	['0nFCpnM7nistUWXRZpzOWM']
Lazza	Salmo	1	['0nFCpnM7nistUWXRZpzOWM']
Lil Peep	XXXTENTACION	1	['4jvjzW7Hm0yK4LvvE0Paz9']
Anitta	DJ Snake	1	['660eekzsNZ7sdATvfIsAkR']
Anitta	Sean Paul	1	['660eekzsNZ7sdATvfIsAkR']
Anitta	Tainy	1	['660eekzsNZ7sdATvfIsAkR']
DJ Snake	Sean Paul	1	['660eekzsNZ7sdATvfIsAkR']
DJ Snake	Tainy	1	['660eekzsNZ7sdATvfIsAkR']
Sean Paul	Tainy	1	['660eekzsNZ7sdATvfIsAkR']
Chencho Corleone	Dalex	1	['5stPVcRqb4qixbafP9e8lt']
Chencho Corleone	Dímelo Flow	1	['5stPVcRqb4qixbafP9e8lt']
Chencho Corleone	Juhn	1	['5stPVcRqb4qixbafP9e8lt']
Chencho Corleone	Lenny Tavárez	1	['5stPVcRqb4qixbafP9e8lt']
Dalex	Juhn	1	['5stPVcRqb4qixbafP9e8lt']
Dímelo Flow	Juhn	1	['5stPVcRqb4qixbafP9e8lt']
Juhn	Lenny Tavárez	1	['5stPVcRqb4qixbafP9e8lt']
Alesso	Florida Georgia Line	1	['5Gu0PDLN4YJeW75PpBSg9p']
Alesso	Hailee Steinfeld	1	['5Gu0PDLN4YJeW75PpBSg9p']
Alesso	watt	1	['5Gu0PDLN4YJeW75PpBSg9p']
Florida Georgia Line	Hailee Steinfeld	1	['5Gu0PDLN4YJeW75PpBSg9p']
Florida Georgia Line	watt	1	['5Gu0PDLN4YJeW75PpBSg9p']
Hailee Steinfeld	watt	1	['5Gu0PDLN4YJeW75PpBSg9p']
Ed Sheeran	H.E.R.	1	['3FHXUqaUer9o231Je1zxIN']
SHAED	ZAYN	1	['1iQDltZqI7BXnHrFy4Qo1k']
Avicii	Joe Janiak	1	['0HZgYFimoJG9Ijy8InUWcV']
Anuel AA	Arcangel	1	['5J64qSSq0VZuh0CiI9o9Nq']
Arcangel	DJ Luian	1	['5J64qSSq0VZuh0CiI9o9Nq']
Arcangel	KAROL G	1	['5J64qSSq0VZuh0CiI9o9Nq']
Arcangel	Mambo Kingz	1	['5J64qSSq0VZuh0CiI9o9Nq']
DJ Luian	KAROL G	1	['5J64qSSq0VZuh0CiI9o9Nq']
KAROL G	Mambo Kingz	1	['5J64qSSq0VZuh0CiI9o9Nq']
Larry Walsh	Mark Linett	1	['5xlS0QkVrSH7ssEbBgBzbM']
Larry Walsh	Sweet	1	['5xlS0QkVrSH7ssEbBgBzbM']
Larry Walsh	The Beach Boys	1	['5xlS0QkVrSH7ssEbBgBzbM']
Mark Linett	Sweet	1	['5xlS0QkVrSH7ssEbBgBzbM']
Mark Linett	The Beach Boys	1	['5xlS0QkVrSH7ssEbBgBzbM']
Sweet	The Beach Boys	1	['5xlS0QkVrSH7ssEbBgBzbM']
Kina	Snøw	1	['4ZLzoOkj0MPWrTLvooIuaa']
Drake	PARTYNEXTDOOR	1	['5bvnqVuq7UFl0txSlHpsfS']
Ed Sheeran	Travis Scott	1	['1DhRbox3xkceP64k3JeYfW']
Anitta	MC Kevinho	1	['7G2XZhDNHo7SSDWSVxC0UT']
Jowell & Randy	Manuel Turizo	1	['6qP73DRFGojLuIk1siIhNE']
Jowell & Randy	The Rudeboyz	1	['6qP73DRFGojLuIk1siIhNE']
Manuel Turizo	The Rudeboyz	1	['6qP73DRFGojLuIk1siIhNE']
Ellie Goulding	Juice WRLD	1	['6kls8cSlUyHW2BUOkDJIZE']
Santana	Tyga	1	['51wFQM8W0YfXTmHusXUr5i']
Santana	YG	1	['51wFQM8W0YfXTmHusXUr5i']
Gemitaiz	MadMan	1	['3fV9z98dnQLSIPIMMJXCm7']
Avicii	Imagine Dragons	1	['6kXNnS7JJz0nAv4XEwEmQJ']
Bastille	Marshmello	1	['2dpaYNEQHiRxtZbfNsse99']
BTS	Juice WRLD	1	['70sKIAQgaVN2zWEEyOpyMZ']
Ed Sheeran	J Hus	1	['1Bdptrvb7nQkq8kCw3siE9']
Ed Sheeran	Young Thug	1	['1Bdptrvb7nQkq8kCw3siE9']
J Hus	Young Thug	1	['1Bdptrvb7nQkq8kCw3siE9']
Anuel AA	Bantu	1	['4Uy3kNxW2kB8AEoXljEcth']
Anuel AA	Nicki Minaj	1	['4Uy3kNxW2kB8AEoXljEcth']
Bantu	Nicki Minaj	1	['4Uy3kNxW2kB8AEoXljEcth']
Bad Bunny	Residente	1	['1kMUGCt7XLDc5Q64Vl0H8S']
Kehlani	Zedd	1	['5aUSEPNd3m5xliFK4pn5mU']
Dzeko	Post Malone	1	['4kWO6O1BUXcZmaxitpVUwp']
Dzeko	Preme	1	['4kWO6O1BUXcZmaxitpVUwp']
Dzeko	Tiësto	1	['4kWO6O1BUXcZmaxitpVUwp']
Post Malone	Preme	1	['4kWO6O1BUXcZmaxitpVUwp']
Post Malone	Tiësto	1	['4kWO6O1BUXcZmaxitpVUwp']
Preme	Tiësto	1	['4kWO6O1BUXcZmaxitpVUwp']
Dadá Boladão	OIK	1	['5F8ffc8KWKNawllr5WsW0r']
Dadá Boladão	Tati Zaqui	1	['5F8ffc8KWKNawllr5WsW0r']
OIK	Tati Zaqui	1	['5F8ffc8KWKNawllr5WsW0r']
Diplo	Jonas Brothers	1	['4fwo6czG5nvOQMzhOto1ya']
Anderson .Paak	YBN Cordae	1	['5lw8Mgb4LyhriPIC86gV6e']
Amenazzy	Farruko	1	['2IA8cFA46DkjgbsRG7kKbp']
Amenazzy	Nicky Jam	1	['2IA8cFA46DkjgbsRG7kKbp']
Luciano	Summer Cem	1	['3QIrkRSTz3yPd44HzN6qJr']
21 Savage	ScHoolboy Q	1	['4NN6N5TxBO5k9uqu0W4gfQ']
Logic	Marshmello	1	['4EAV2cKiqKP5UPZmY6dejk']
Metro Boomin	Offset	1	['7sO5G9EABYOXQKNPNiE9NR']
Ezhel	Ufo361	1	['44Fc0oSgRn1MFwu18TcY8S']
Maître Gims	Shirin David	1	['554Ip3S1rbeES9TNWXGoK1']
DJ Khaled	Post Malone	1	['0b6UoVjUzFyZNpHI0aAhKt']
DJ Khaled	Travis Scott	1	['0b6UoVjUzFyZNpHI0aAhKt']
Bizarrap	Nicki Nicole	1	['2S93hylQBYLndMnaJuso8S']
DaBaby	Lil Nas X	1	['4SDgTLDYrJ2UrHbkRkg7MD']
Camila Cabello	Young Thug	1	['1rfofaqEpACxVEHIZBJe6W']
A R I Z O N A	Avicii	1	['6EBlOYNcZ8MrdEov9lEdV6']
Bebe Rexha	Florida Georgia Line	1	['4e4fqjx0Izh4svvTef1z7e']
Gunna	Roddy Ricch	1	['7A20WnLkjtZU2d7hIB6Ziu']
Normani	Sam Smith	1	['6Qs4SXO9dwPj5GKvVOv8Ki']
Kygo	Rita Ora	1	['3y3brCCecHC3Db18aIOnny']
Ed Sheeran	Skrillex	1	['5d1rmWWF1725tnYjq6rMDB']
Camilo	Lunay	1	['2EEmzqzM70CybVspgM7YRT']
Lunay	Mau y Ricky	1	['2EEmzqzM70CybVspgM7YRT']
Meek Mill	NAV	1	['5rU6kDNXZLXIinFezpbWbO']
Sebastian Yatra	TINI	1	['09nSCeCs6eYfAIJVfye1CE']
Clever	Juice WRLD	1	['4zxpssj8DyrfZcEUSUiNxG']
Clever	Rvssian	1	['4zxpssj8DyrfZcEUSUiNxG']
Juice WRLD	Rvssian	1	['4zxpssj8DyrfZcEUSUiNxG']
Oliver Heldens	Riton	1	['0qaWEvPkts34WF68r8Dzx9']
Oliver Heldens	Vula	1	['0qaWEvPkts34WF68r8Dzx9']
Riton	Vula	1	['0qaWEvPkts34WF68r8Dzx9']
Dean Lewis	Martin Garrix	1	['7pWK1kMgHy5lNNiIfuRbkP']
Drake	French Montana	1	['04MLEeAMuV9IlHEsD8vF6A']
Bonn	Martin Garrix	1	['1ahVFh0ViDZr8LvkEVlq3B']
Bad Bunny	Tainy	1	['2TH65lNHgvLxCKXM3apjxI']
LANY	Lauv	1	['3GRSqlALWISqLeNncZMbpX']
Jack & Jack	Jonas Blue	1	['3KLygy1YWhmrQx0GRs7IOx']
KSI	Lil Baby	1	['4etKC4ngPKsQDHUMnYgV3A']
KSI	Rick Ross	1	['4etKC4ngPKsQDHUMnYgV3A']
KSI	S-X	1	['4etKC4ngPKsQDHUMnYgV3A']
Lil Baby	Rick Ross	1	['4etKC4ngPKsQDHUMnYgV3A']
Lil Baby	S-X	1	['4etKC4ngPKsQDHUMnYgV3A']
Rick Ross	S-X	1	['4etKC4ngPKsQDHUMnYgV3A']
ChocQuibTown	Farruko	1	['2ktoFujjJtantyMoVdBJlX']
ChocQuibTown	Manuel Turizo	1	['2ktoFujjJtantyMoVdBJlX']
ChocQuibTown	Zion & Lennox	1	['2ktoFujjJtantyMoVdBJlX']
Farruko	Manuel Turizo	1	['2ktoFujjJtantyMoVdBJlX']
Farruko	Zion & Lennox	1	['2ktoFujjJtantyMoVdBJlX']
Manuel Turizo	Zion & Lennox	1	['2ktoFujjJtantyMoVdBJlX']
Kelsea Ballerini	The Chainsmokers	1	['4NBTZtAt1F13VvlSKe6KTl']
Apache 207	Sido	1	['2u8AXJyk8pICzj2wyPBL0b']
21 Savage	Metro Boomin	1	['0AluA5RNsa4Cx6XRhf2hWZ']
Romeo Santos	Wisin & Yandel	1	['7BuHdm4lQqcyG3qTwdkxus']
