artist_1	artist_2	count	song_ids
Gunna	Lil Baby	6	['0kCBorRrKZkSztd9m0QI3r', '6PoKfDY78ih5OveWirggRX', '1BxkZE73h9BN3qwuA15TA3', '78QR3Wp35dqAhFEc2qAGjE', '7roKDmJDOzkpfGpUQJ5EnL', '6wWaVoUOzLQJHd3bWAUpdZ']
Rae Sremmurd	Slim Jxmmi	6	['1oUudyBYVGMIC8JXeIsFzq', '2yUbCEiaolfSMluDo9RMmG', '0TCnOEVeLQMXOUrpPlM7uY', '1BuZAIO8WZpavWVbbq3Lci', '6sTDhYVVXU3HSDuG7mBLRU', '3qKCDFZp192KBEEtFj7fDa']
Rae Sremmurd	Swae Lee	6	['1oUudyBYVGMIC8JXeIsFzq', '2yUbCEiaolfSMluDo9RMmG', '0TCnOEVeLQMXOUrpPlM7uY', '1BuZAIO8WZpavWVbbq3Lci', '6sTDhYVVXU3HSDuG7mBLRU', '3qKCDFZp192KBEEtFj7fDa']
Slim Jxmmi	Swae Lee	6	['1oUudyBYVGMIC8JXeIsFzq', '2yUbCEiaolfSMluDo9RMmG', '0TCnOEVeLQMXOUrpPlM7uY', '1BuZAIO8WZpavWVbbq3Lci', '6sTDhYVVXU3HSDuG7mBLRU', '3qKCDFZp192KBEEtFj7fDa']
21 Savage	Metro Boomin	6	['0AluA5RNsa4Cx6XRhf2hWZ', '2Grb4G6t9VIqo6moKUloom', '1m6lqaLvUTxPjOo98fJH8U', '5u6vkDnOyaf8LsteDAj2ub', '1HLL8X0LH20F6Z9SLXLIjr', '43lYaovU2FoeuBMNusVVVW']
Bonez MC	RAF Camora	6	['1H3oIeKUEHpBhXUiso0IMH', '2SRVj6ceeIffVEm9NFyRHI', '641R77CBy4bOLGRcA9sgHy', '4UOXo3xWnxYdTf3sFyRaUG', '4Bj3usjRTckEJARO0dLbDf', '6pLKMPAUlBCjHjylj2Nbd9']
Metro Boomin	Travis Scott	5	['6osMzmRHCVETbZMHceLRmh', '5u6vkDnOyaf8LsteDAj2ub', '1HLL8X0LH20F6Z9SLXLIjr', '27P4XoNXXEV4lTc3sB61RK', '2mYDDUkBcgFNBqkWctyyuc']
DJ Luian	Mambo Kingz	4	['7dNwJbsT0sg1le5kVugGJb', '3VClLWqNn80Llv0PJOsKgr', '7rwX0O3RlxqqIjQM8evm5E', '5hcisvFMidkMJlElTO9Qmw']
Kendrick Lamar	SZA	4	['3GCdLUSnKSMJhs4Tj6CV3s', '12SJpYZEdj4kzWZ8FPFg4Y', '2Imq77E6CEJR5TPUxlJvTY', '66kQ7wr4d2LwwSjr7HXcyr']
Offset	Travis Scott	4	['0FZ4Dmg8jJJAPJnvBIzD9z', '7l3E7lcozEodtVsSTCkcaA', '6urLjX35oXXRYtcH1b3dCh', '5u6vkDnOyaf8LsteDAj2ub']
Future	Juice WRLD	4	['6gzIcEUuswJQGfJNPYMjjv', '2vs5ubqg8QUbfyWZpMfvWe', '2OsDoAzo5SGq10qwmKSQBv', '5274I4mUMnYczyeXkGDWZN']
Kelsea Ballerini	The Chainsmokers	4	['4NBTZtAt1F13VvlSKe6KTl', '4edS9dC0JPBlSS4p4gMOT0', '15kQGEy89K8deJcZVFEn0N', '6LKYeyLt4G4SlZ6OJwFhVS']
Ariana Grande	Nicki Minaj	4	['0sdbFOyfgAhAhWq8DpzkaW', '1ZEm9cJC05rawV2tptNfTS', '5iZ4hcpCgFVijq5OOjBTKZ', '3L4GsGLgxpHieVQH86H8bv']
Diplo	LSD	4	['7boPPE857KEqCIHNwFkDop', '73F87Sqh6jQWucOOvz1WFx', '2c7GlMNmF7pbohjykutmLP', '5a8RPWgKSmcGBGcffmIrUi']
Diplo	Labrinth	4	['7boPPE857KEqCIHNwFkDop', '73F87Sqh6jQWucOOvz1WFx', '2c7GlMNmF7pbohjykutmLP', '5a8RPWgKSmcGBGcffmIrUi']
Diplo	Sia	4	['7boPPE857KEqCIHNwFkDop', '73F87Sqh6jQWucOOvz1WFx', '2c7GlMNmF7pbohjykutmLP', '5a8RPWgKSmcGBGcffmIrUi']
LSD	Labrinth	4	['7boPPE857KEqCIHNwFkDop', '73F87Sqh6jQWucOOvz1WFx', '2c7GlMNmF7pbohjykutmLP', '5a8RPWgKSmcGBGcffmIrUi']
LSD	Sia	4	['7boPPE857KEqCIHNwFkDop', '73F87Sqh6jQWucOOvz1WFx', '2c7GlMNmF7pbohjykutmLP', '5a8RPWgKSmcGBGcffmIrUi']
Labrinth	Sia	4	['7boPPE857KEqCIHNwFkDop', '73F87Sqh6jQWucOOvz1WFx', '2c7GlMNmF7pbohjykutmLP', '5a8RPWgKSmcGBGcffmIrUi']
BTS	Steve Aoki	4	['7Ed6BkggCS2KaKY5YlINaF', '2J0X46UkpfLlWbuCXFgDLr', '2r1T6xGTVaNAqBoPH4lZEE', '48XfojJC87VKLlUotYV0Gm']
21 Savage	Post Malone	4	['2U7Hu2RaNQNRi7izoJyZaX', '0e7ipj03S05BNilyu5bRzt', '1OmcAT5Y8eg5bUPv9qJT4R', '7wGoVu4Dady5GV0Sv4UIsx']
6ix9ine	A Boogie Wit da Hoodie	3	['7q1ikCoQLytPP5TTzDy7JK', '6o79O9qBP3OAkWOXajAQIS', '0zl3PdjIl320fK0pxBGWNR']
Post Malone	Swae Lee	3	['1A6OTy97kk0mMdm78rHsm8', '5VuxWXbt7XENQCtE9TzpTv', '3KkXRkHbMCARz0aVfEt68P']
Daft Punk	The Weeknd	3	['7MXVkk9YMctZqd1Srtv4MB', '5aAx2yezTd8zXrkmtKl66Z', '5GXAXm5YOmYT0kL5jHvYBt']
J Balvin	Willy William	3	['2rb5MvYT7ZIxbKW5hfcHx8', '7fwXWKdDNI5IutOMc5OKYw', '7COfe3P7KgfwDwIRB8LIDw']
J Balvin	Ozuna	3	['6JjPBQfI2Y8nIjnm65X6Pw', '22eADXu8DfOAUEDw4vU8qy', '0MIcPSq9n2z5H8TAfEstri']
Maroon 5	SZA	3	['3hBBKuWJfxlIlnd9QFoC8k', '0WdGQhoAP2LBsqr5Jhit2g', '0GxQ1A5L9xnMOytbP6eKBG']
Bad Bunny	DJ Luian	3	['3VClLWqNn80Llv0PJOsKgr', '7rwX0O3RlxqqIjQM8evm5E', '5hcisvFMidkMJlElTO9Qmw']
Bad Bunny	Mambo Kingz	3	['3VClLWqNn80Llv0PJOsKgr', '7rwX0O3RlxqqIjQM8evm5E', '5hcisvFMidkMJlElTO9Qmw']
Drake	Lil Baby	3	['6vN77lE9LK6HP2DewaN6HZ', '1wsf1YFQSYND45y0GzJmf7', '6wWaVoUOzLQJHd3bWAUpdZ']
Swae Lee	Travis Scott	3	['6osMzmRHCVETbZMHceLRmh', '3qKCDFZp192KBEEtFj7fDa', '1oUudyBYVGMIC8JXeIsFzq']
Hugh Jackman	The Greatest Showman Ensemble	3	['5xNUR50KxswPRAvx7S163g', '43ay9lQZ5rfNcOOHhRF2cM', '3IkWmgGsXbsafrunwPojXO']
J Balvin	Nicky Jam	3	['39N9RPD9MRb5WmoLzNzPeA', '6JjPBQfI2Y8nIjnm65X6Pw', '38QmUDpkoYlNbMKvpvAsrE']
Gucci Mane	Migos	3	['1XRgIKC5TPwo7nWGyKqgG0', '35ffVv9x4mtzBh5rF1K9sP', '6p8NuHm8uCGnn2Dtbtf7zE']
Daddy Yankee	Luis Fonsi	3	['6rPO02ozF3bM7NnOV4h6s2', '5CtI0qwDJkDQGwXD1H1cLb', '4aWmUDTfIPGksMNLV2rQP2']
Bradley Cooper	Lady Gaga	3	['2VxeLyX666F8uXCJ0dZF8B', '3DKpA54hrFIdPN6AtL9HXa', '5lK18Pt33xNudq4qYDxIm8']
Keala Settle	The Greatest Showman Ensemble	3	['5xNUR50KxswPRAvx7S163g', '43ay9lQZ5rfNcOOHhRF2cM', '2xGjteMU3E1tkEPVFBO08U']
6ix9ine	Nicki Minaj	3	['1oJ8EDr2pv94IvSd6ZmDgo', '4QIyEq7TcTdAcxjI2AFlAK', '2E124GmJRnBJuXbTb4cPUB']
6ix9ine	Anuel AA	3	['4KkUjFkcQvGvWekl8RATDn', '0LQ1J0BCzA2qnAgp9MkkNE', '7ATATJztoWLcqDAcVVof0C']
Brytiago	Darell	3	['59PYgzOiOjGDzjDT5N5oOX', '6rbhaJsE4uLzpPf8WYSHDK', '56CvVCJYRQNWwM4vF4neCD']
Quavo	Travis Scott	3	['0JYAsQJWIuaYUvZGF1qapT', '7foypmc7KZyU716Yv63BPe', '6urLjX35oXXRYtcH1b3dCh']
Cardi B	Migos	3	['1YZfcVLbbJwfizR5cDOp3q', '2qcG0nZ6S3zZV0UrkY5nFo', '4wFjTWCunQFKtukqrNijEt']
Post Malone	Ty Dolla $ign	3	['7wrDRQgHlvDnimrRHfQZxt', '65NwOZqoXny4JxqAPlfxRF', '3swc6WTsr7rl9DqQKQA55C']
Ozuna	Wisin	3	['1KSqYYJFyfTecXFk9M0prc', '7rwX0O3RlxqqIjQM8evm5E', '6jA8JUuPCGYjFcgw0AoM5T']
Emily Warren	The Chainsmokers	3	['5yNEdBlZMxpcVtGKz5NFk5', '3OtQmFLS5b3pTgIf44GQFJ', '5hrXLJJrnKraxRQntH0Vv9']
Kodak Black	Travis Scott	3	['1HLL8X0LH20F6Z9SLXLIjr', '0FZ4Dmg8jJJAPJnvBIzD9z', '7l3E7lcozEodtVsSTCkcaA']
Manuel Turizo	Piso 21	2	['33bnxcjePIkcmNjEFTJX0l', '1j6xOGusnyXq3l6IryKF3G']
Becky G	Natti Natasha	2	['6U2NuJILEOEpW2tVCuqKHb', '2ijef6ni2amuunRoKTlgww']
Drake	Michael Jackson	2	['36ONiya0OANYknz0GgJmwB', '6G8kHiVZ1jW7vHMPVRNZU0']
6ix9ine	Fetty Wap	2	['7q1ikCoQLytPP5TTzDy7JK', '0zl3PdjIl320fK0pxBGWNR']
A Boogie Wit da Hoodie	Fetty Wap	2	['7q1ikCoQLytPP5TTzDy7JK', '0zl3PdjIl320fK0pxBGWNR']
Bad Bunny	Ozuna	2	['3V8UKqhEK5zBkBb6d6ub8i', '7rwX0O3RlxqqIjQM8evm5E']
Darell	Ozuna	2	['3V8UKqhEK5zBkBb6d6ub8i', '59PYgzOiOjGDzjDT5N5oOX']
Nicky Jam	Ozuna	2	['3V8UKqhEK5zBkBb6d6ub8i', '6JjPBQfI2Y8nIjnm65X6Pw']
6ix9ine	Kanye West	2	['0EwS8XJQspgrj1zSUXhFkl', '1oJ8EDr2pv94IvSd6ZmDgo']
DJ Luian	Prince Royce	2	['7dNwJbsT0sg1le5kVugGJb', '5hcisvFMidkMJlElTO9Qmw']
Mambo Kingz	Prince Royce	2	['7dNwJbsT0sg1le5kVugGJb', '5hcisvFMidkMJlElTO9Qmw']
6ix9ine	Tory Lanez	2	['1Y500yrabUJY2mIQS3RDt4', '6Gy7rXB6Ku5vIWC7WGWsl3']
Demi Lovato	Luis Fonsi	2	['1zsG4eaZmkA1dvjDDsAGLK', '2hl6q70unbviGo3g1R7uFx']
Gunna	Metro Boomin	2	['5gub2bpJRgJP4m4MliqtdV', '1fewSx2d5KIZ04wsooEBOz']
Charlie Puth	Kehlani	2	['76S09sHj7GGMJAtOLjmVQ2', '1lsBTdE6MGsKeZCD6llNu7']
Marshmello	Selena Gomez	2	['0tBbt8CrmxbjRP0pueQkyU', '7EmGUiUaOSGDnUUQUDrOXC']
Travis Barker	XXXTENTACION	2	['4zI04ezdmrN0lT2pHykYrd', '0T6RSXxFhW8dRTWHI604ld']
Ozuna	Romeo Santos	2	['1h9P5WJwyvK8OB7O2YiXgp', '7uYgVgRSgqluZclLS7wpp4']
Bad Bunny	J Balvin	2	['58q2HKrzhC3ozto2nDdN4z', '5hcisvFMidkMJlElTO9Qmw']
Bea Miller	NOTD	2	['2og9I9rQwr2XdTLJUupfT1', '18W92Zm1KjLCbUIszOhpkD']
David Guetta	Martin Garrix	2	['0OlnLZY4cmQzT6ZGttvWBM', '6RnkFd8Fqqgk1Uni8RgqCQ']
Chris Stapleton	Justin Timberlake	2	['1LhMopPAallLeaeNutqbgS', '09ts3GnICqYEU5PkQCpJK3']
Bad Bunny	Yandel	2	['3VClLWqNn80Llv0PJOsKgr', '1LszjjoVwDDZcWUQbzeDLG']
Natti Natasha	Thalía	2	['00EPIEnX1JFjff8sC6bccd', '1G586ld1gbaECg4Bc6w40O']
Rae Sremmurd	Travis Scott	2	['3qKCDFZp192KBEEtFj7fDa', '1oUudyBYVGMIC8JXeIsFzq']
Slim Jxmmi	Travis Scott	2	['3qKCDFZp192KBEEtFj7fDa', '1oUudyBYVGMIC8JXeIsFzq']
21 Savage	Cardi B	2	['75FDPwaULRdYDn4StFN2rT', '0dIoGTQXDh1wVnhIiSyYEa']
21 Savage	Travis Scott	2	['1HLL8X0LH20F6Z9SLXLIjr', '5u6vkDnOyaf8LsteDAj2ub']
Metro Boomin	Offset	2	['7sO5G9EABYOXQKNPNiE9NR', '5u6vkDnOyaf8LsteDAj2ub']
Manuel Turizo	Ozuna	2	['1s2B5cndbqK8rPJEIcKJRQ', '48zFZh27QU5qsrBjn4C2FA']
Billie Eilish	Khalid	2	['1NJcg626wLln4pGHpiV7mf', '0u2P5u6lvoDfwTYjAADbn4']
Daddy Yankee	Justin Bieber	2	['6rPO02ozF3bM7NnOV4h6s2', '5CtI0qwDJkDQGwXD1H1cLb']
Justin Bieber	Luis Fonsi	2	['6rPO02ozF3bM7NnOV4h6s2', '5CtI0qwDJkDQGwXD1H1cLb']
Becky G	David Guetta	2	['3soOPBuMK8YMdWnV7xpEyf', '4dSoDnmR9opAQ8KxUc9SbC']
Becky G	Sean Paul	2	['3soOPBuMK8YMdWnV7xpEyf', '4dSoDnmR9opAQ8KxUc9SbC']
David Guetta	Sean Paul	2	['3soOPBuMK8YMdWnV7xpEyf', '4dSoDnmR9opAQ8KxUc9SbC']
Cardi B	Ozuna	2	['2m2ZGfJcs3lHWNPzhWH3XH', '4w8niZpiMy6qz1mntFA5uM']
Hugh Jackman	Keala Settle	2	['5xNUR50KxswPRAvx7S163g', '43ay9lQZ5rfNcOOHhRF2cM']
Hugh Jackman	Zendaya	2	['5xNUR50KxswPRAvx7S163g', '43ay9lQZ5rfNcOOHhRF2cM']
Keala Settle	Zendaya	2	['5xNUR50KxswPRAvx7S163g', '43ay9lQZ5rfNcOOHhRF2cM']
The Greatest Showman Ensemble	Zendaya	2	['5xNUR50KxswPRAvx7S163g', '43ay9lQZ5rfNcOOHhRF2cM']
6ix9ine	Murda Beatz	2	['2E124GmJRnBJuXbTb4cPUB', '4QIyEq7TcTdAcxjI2AFlAK']
Murda Beatz	Nicki Minaj	2	['2E124GmJRnBJuXbTb4cPUB', '4QIyEq7TcTdAcxjI2AFlAK']
Landon Cube	Lil Skies	2	['3ZhTT6yjZwpPph5MIJ53XY', '2u7mxWSeoqTXndK5e08jMp']
Cardi B	Maroon 5	2	['6FRLCMO5TUHTexlWo8ym1W', '7fa9MBXhVfQ8P8Df9OEbD8']
Juicy J	Rae Sremmurd	2	['2yUbCEiaolfSMluDo9RMmG', '1BuZAIO8WZpavWVbbq3Lci']
Juicy J	Slim Jxmmi	2	['2yUbCEiaolfSMluDo9RMmG', '1BuZAIO8WZpavWVbbq3Lci']
Juicy J	Swae Lee	2	['2yUbCEiaolfSMluDo9RMmG', '1BuZAIO8WZpavWVbbq3Lci']
Grey	Maren Morris	2	['09IStsImFySgyp0pIQdqAc', '2ARqIya5NAuvFVHSN3bL0m']
Grey	Zedd	2	['09IStsImFySgyp0pIQdqAc', '2ARqIya5NAuvFVHSN3bL0m']
Maren Morris	Zedd	2	['09IStsImFySgyp0pIQdqAc', '2ARqIya5NAuvFVHSN3bL0m']
DrefGold	Sfera Ebbasta	2	['4VVG3HBGaqSNZqIpmewIA6', '093RgZ7RXHZwIrxZhZYX4Q']
Kanye West	PARTYNEXTDOOR	2	['6Bg7MznA9X0dIhlAsLyBYj', '3dG6tjetoR4GMmUGZUprLt']
Brando	Loud Luxury	2	['7K7MUBCnzgBAvMVW2RTWNs', '43V1z6QToNNWNldV4FEG6r']
Anitta	J Balvin	2	['3Ga6eKrUFf12ouh9Yw3v2D', '6MNGxu8MprKGkchUchkJsy']
Gesaffelstein	The Weeknd	2	['13wNEvWmBsWaWVtiLPRIW5', '56d6kYZhfhzpoC3s1dRU2V']
Bad Bunny	Becky G	2	['7JNh1cfm0eXjqFVOzKLyau', '6U2NuJILEOEpW2tVCuqKHb']
Bad Bunny	Daddy Yankee	2	['6U2NuJILEOEpW2tVCuqKHb', '0lJCqIx5BhZtf6QtYI2fbv']
A$AP Rocky	Famous Dex	2	['3ncgNpxLoBQ65ABk4djDyd', '0dSIrRkA4PadGll16TgbnV']
Huncho Jack	Quavo	2	['7foypmc7KZyU716Yv63BPe', '6urLjX35oXXRYtcH1b3dCh']
Huncho Jack	Travis Scott	2	['7foypmc7KZyU716Yv63BPe', '6urLjX35oXXRYtcH1b3dCh']
Bonez MC	Gzuz	2	['4Bj3usjRTckEJARO0dLbDf', '1H3oIeKUEHpBhXUiso0IMH']
Gzuz	RAF Camora	2	['4Bj3usjRTckEJARO0dLbDf', '1H3oIeKUEHpBhXUiso0IMH']
Kendrick Lamar	Rich The Kid	2	['0eHCArTPhwUxatY7cEXRiK', '4pYZLpX23Vx8rwDpJCpPTA']
Camila Cabello	Young Thug	2	['1rfofaqEpACxVEHIZBJe6W', '0ofbQMrRDsUaVKq2mGLEAb']
Jack & Jack	Jonas Blue	2	['3KLygy1YWhmrQx0GRs7IOx', '3u1S1OmAUhx5DRlLrXqyp3']
Cardi B	Nicki Minaj	2	['1YZfcVLbbJwfizR5cDOp3q', '4wFjTWCunQFKtukqrNijEt']
Migos	Nicki Minaj	2	['1YZfcVLbbJwfizR5cDOp3q', '4wFjTWCunQFKtukqrNijEt']
KYLE	Kehlani	2	['4F1yvJfQ7gJkrcgFJQDjOr', '43cFjTTCD9Cni4aSL0sORz']
Lary Over	Luis Figueroa	2	['1XM5PgxjpYcF0JuE9nfUbS', '2alIsNw1mqEShbWyO1HXZZ']
Lary Over	Sebastian Yatra	2	['1XM5PgxjpYcF0JuE9nfUbS', '2alIsNw1mqEShbWyO1HXZZ']
Luis Figueroa	Sebastian Yatra	2	['1XM5PgxjpYcF0JuE9nfUbS', '2alIsNw1mqEShbWyO1HXZZ']
Lil Wayne	Nicki Minaj	2	['5IvdLxVB8gwwcgnEkXSSW2', '2D1MK9oaxy7axXggy3iVbp']
Cashmere Cat	Major Lazer	2	['7HdZY9UJTylIiNcSDFyUDc', '0as7lPxkBPctZ7uVmchRNM']
Cashmere Cat	Tory Lanez	2	['7HdZY9UJTylIiNcSDFyUDc', '0as7lPxkBPctZ7uVmchRNM']
Major Lazer	Tory Lanez	2	['7HdZY9UJTylIiNcSDFyUDc', '0as7lPxkBPctZ7uVmchRNM']
Imagine Dragons	Kygo	2	['4M3FO0ji6Lc8vwD1sgf1nc', '0kHyKhJMukHEPfeh8s7rdM']
Eminem	Nate Dogg	2	['6yr8GiTHWvFfi4o6Q5ebdT', '4xkOaSrkexMciUUogZKVTS']
Offset	Tyga	2	['5IaHrVsrferBYDm0bDyABy', '0jAfdqv18goRTUxm3ilRjb']
J. Cole	kiLL edward	2	['6onwlDmIVKE8bBgyBRSuS0', '3rFF7kSm5qBOOPs6ljFgPp']
Hugh Jackman	Zac Efron	2	['43ay9lQZ5rfNcOOHhRF2cM', '2cKovq3l6OJjhVVDbVKOsr']
David Guetta	Sia	2	['66BjcDhhwWCcQIBxHMpKXh', '33IOhptvC2Qoy2UhjiHXLV']
Jonas Blue	Lennon Stella	2	['6XqvFyJGdUD5IWee02ARKU', '1wsLHgXJ4SKIfd5ePSX1hD']
Jonas Blue	Liam Payne	2	['6XqvFyJGdUD5IWee02ARKU', '1wsLHgXJ4SKIfd5ePSX1hD']
Lennon Stella	Liam Payne	2	['6XqvFyJGdUD5IWee02ARKU', '1wsLHgXJ4SKIfd5ePSX1hD']
Chance the Rapper	DJ Khaled	2	['5WvAo7DNuPRmk4APhdPzi8', '3DXncPQOG4VBw3QHh3S817']
Chance the Rapper	Justin Bieber	2	['5WvAo7DNuPRmk4APhdPzi8', '3DXncPQOG4VBw3QHh3S817']
Chance the Rapper	Quavo	2	['5WvAo7DNuPRmk4APhdPzi8', '3DXncPQOG4VBw3QHh3S817']
DJ Khaled	Justin Bieber	2	['5WvAo7DNuPRmk4APhdPzi8', '3DXncPQOG4VBw3QHh3S817']
DJ Khaled	Quavo	2	['5WvAo7DNuPRmk4APhdPzi8', '3DXncPQOG4VBw3QHh3S817']
Justin Bieber	Quavo	2	['5WvAo7DNuPRmk4APhdPzi8', '3DXncPQOG4VBw3QHh3S817']
Lil Peep	XXXTENTACION	2	['4jvjzW7Hm0yK4LvvE0Paz9', '0Dn40gxVCMo5TkgS8Ik18Q']
Metro Boomin	Swae Lee	2	['6osMzmRHCVETbZMHceLRmh', '0McI9sOmkpfd4E72njtU0G']
Avicii	Sandro Cavazza	2	['6Pgkp4qUoTmJIPn7ReaGxL', '6WbADFqMvR8N5u0BvtsWQE']
Anne-Marie	David Guetta	2	['2zy9TMoZlYGuCNY4TLqG24', '2lYTJK94hb0fd1LQtb6Dhk']
2 Chainz	Big Sean	2	['0ZNrc4kNeQYD9koZ3KvCsy', '2RM4jf1Xa9zPgMGRDiht8O']
2 Chainz	Nicki Minaj	2	['0ZNrc4kNeQYD9koZ3KvCsy', '2RM4jf1Xa9zPgMGRDiht8O']
2 Chainz	YG	2	['0ZNrc4kNeQYD9koZ3KvCsy', '2RM4jf1Xa9zPgMGRDiht8O']
Big Sean	Nicki Minaj	2	['0ZNrc4kNeQYD9koZ3KvCsy', '2RM4jf1Xa9zPgMGRDiht8O']
Big Sean	YG	2	['0ZNrc4kNeQYD9koZ3KvCsy', '2RM4jf1Xa9zPgMGRDiht8O']
Nicki Minaj	YG	2	['0ZNrc4kNeQYD9koZ3KvCsy', '2RM4jf1Xa9zPgMGRDiht8O']
Ariana Grande	Troye Sivan	2	['17JYzDCW1UTndfURuTydF2', '1NbGcdgwRHZ5rbPIT9hdR3']
Jason Derulo	Nicki Minaj	2	['6kex4EBAj0WHXDKZMEJaaF', '5Xn4IyTtW6FUGIUyWjbUHG']
Ed Sheeran	Eminem	2	['1cS0TgbR263ey9jn0MwD2s', '5UEnHoDYpsxlfzWLZIc7LD']
A$AP Rocky	Moby	2	['1YmF9PvLhIISIANoMLIYGq', '3oHkMCVJyOcjg5FhfLc2Rq']
Anuel AA	Daddy Yankee	2	['59PYgzOiOjGDzjDT5N5oOX', '6MJUCumnQsQEKbCy28tbCP']
Khalid	Shawn Mendes	2	['5SwEgzUFDHwpWHKrbnP32Z', '3Wf2YGdYT8xVdNsQSoRKk9']
George Benson	Gorillaz	2	['5fGWdNGGnvKrrHL6U7c1Vp', '3NeiYiBn3rQBgurfVk92Zm']
Mark Ronson	Miley Cyrus	2	['27rdGxbavYJeBphck5MZAF', '5KHzV8Gf3aweIMImliFAOs']
Halsey	Khalid	2	['7FGq80cy8juXBCD2nrqdWU', '0d2iYfpKoM0QCKvcLCkBao']
Halsey	benny blanco	2	['7FGq80cy8juXBCD2nrqdWU', '0d2iYfpKoM0QCKvcLCkBao']
Khalid	benny blanco	2	['7FGq80cy8juXBCD2nrqdWU', '0d2iYfpKoM0QCKvcLCkBao']
Little Mix	Nicki Minaj	2	['222B3aljXx6fFwKmFjuBED', '6rrTr2HEAzlpC4KWZxF3S1']
Bruno Mars	Gucci Mane	2	['2G1tXoGBaEMJ7FKGnkf6ud', '0QIjsbm2fh1cJ45XO9eGqq']
Bruno Mars	Kodak Black	2	['2G1tXoGBaEMJ7FKGnkf6ud', '0QIjsbm2fh1cJ45XO9eGqq']
Gucci Mane	Kodak Black	2	['2G1tXoGBaEMJ7FKGnkf6ud', '0QIjsbm2fh1cJ45XO9eGqq']
Clean Bandit	Demi Lovato	2	['6kPJZM97LwdG9QIsT7khp6', '3NuK5xMlSlB6K2Qp16zf3h']
Bebe Rexha	Florida Georgia Line	2	['7iDa6hUg2VgEL1o1HjmfBn', '4e4fqjx0Izh4svvTef1z7e']
Eminem	Jessie Reyez	2	['4g32MdRoqwGKQd3NXIRhpU', '09FfQO3PqHO4HIJL511Ksi']
Maluma	Nego do Borel	2	['4lESS6vuruP6a79KWRaQou', '5cepAtqnEQ6yVG6088zMMu']
Zac Efron	Zendaya	2	['630sXRhIcfwr2e4RdNtjKN', '43ay9lQZ5rfNcOOHhRF2cM']
Drake	Quavo	2	['5S1IUPueD0xE0vj4zU3nSf', '1rlIrbWboTRGeKfHhgbJRZ']
Logic	Marshmello	2	['6zOhgKfbMiQWToE6K13s2s', '4EAV2cKiqKP5UPZmY6dejk']
Drake	Kyla	2	['1xznGGDReH1oQq0xzbwXa3', '1zi7xx7UVEFkmKfv06H8x0']
Drake	WizKid	2	['1xznGGDReH1oQq0xzbwXa3', '1zi7xx7UVEFkmKfv06H8x0']
Kyla	WizKid	2	['1xznGGDReH1oQq0xzbwXa3', '1zi7xx7UVEFkmKfv06H8x0']
Kodak Black	Offset	2	['0FZ4Dmg8jJJAPJnvBIzD9z', '7l3E7lcozEodtVsSTCkcaA']
Lenny Tavárez	Paulo Londra	1	['3TnhQSRwT3AVMdXw5JPq0x']
Lil Baby	Meek Mill	1	['1Szfm2XAx3Kgl55dyl8sTU']
Drew Love	The Chainsmokers	1	['3pWcj8hxj3fsb9TDAcMpEl']
Eartha Kitt	Henri Rene & His Orchestra	1	['1foCxQtxBweJtZmdxhEHVO']
Camila Cabello	Daddy Yankee	1	['3whrwq4DtvucphBPUogRuJ']
Khalid	Normani	1	['45Egmo7icyopuzJN0oMEdk']
Alessia Cara	Zedd	1	['0I20rLT2MJDhcF96AjbNYo']
Gunna	Young Stoner Life Records	1	['0kCBorRrKZkSztd9m0QI3r']
Gunna	Young Thug	1	['0kCBorRrKZkSztd9m0QI3r']
Lil Baby	Young Stoner Life Records	1	['0kCBorRrKZkSztd9m0QI3r']
Lil Baby	Young Thug	1	['0kCBorRrKZkSztd9m0QI3r']
Young Stoner Life Records	Young Thug	1	['0kCBorRrKZkSztd9m0QI3r']
Bad Bunny	Casper Magico	1	['3V8UKqhEK5zBkBb6d6ub8i']
Bad Bunny	Darell	1	['3V8UKqhEK5zBkBb6d6ub8i']
Bad Bunny	Nicky Jam	1	['3V8UKqhEK5zBkBb6d6ub8i']
Bad Bunny	Nio Garcia	1	['3V8UKqhEK5zBkBb6d6ub8i']
Casper Magico	Darell	1	['3V8UKqhEK5zBkBb6d6ub8i']
Casper Magico	Nicky Jam	1	['3V8UKqhEK5zBkBb6d6ub8i']
Casper Magico	Nio Garcia	1	['3V8UKqhEK5zBkBb6d6ub8i']
Casper Magico	Ozuna	1	['3V8UKqhEK5zBkBb6d6ub8i']
Darell	Nicky Jam	1	['3V8UKqhEK5zBkBb6d6ub8i']
Darell	Nio Garcia	1	['3V8UKqhEK5zBkBb6d6ub8i']
Nicky Jam	Nio Garcia	1	['3V8UKqhEK5zBkBb6d6ub8i']
Nio Garcia	Ozuna	1	['3V8UKqhEK5zBkBb6d6ub8i']
Cardi B	Kehlani	1	['5DfWF0jqMgZDCiu9zJENTA']
Anuel AA	Becky G	1	['7dNwJbsT0sg1le5kVugGJb']
Anuel AA	DJ Luian	1	['7dNwJbsT0sg1le5kVugGJb']
Anuel AA	Mambo Kingz	1	['7dNwJbsT0sg1le5kVugGJb']
Anuel AA	Prince Royce	1	['7dNwJbsT0sg1le5kVugGJb']
Becky G	DJ Luian	1	['7dNwJbsT0sg1le5kVugGJb']
Becky G	Mambo Kingz	1	['7dNwJbsT0sg1le5kVugGJb']
Becky G	Prince Royce	1	['7dNwJbsT0sg1le5kVugGJb']
Alvaro Soler	Flo Rida	1	['56gH0zGe3SP9SGNoQ2pWwn']
Alvaro Soler	TINI	1	['56gH0zGe3SP9SGNoQ2pWwn']
Flo Rida	TINI	1	['56gH0zGe3SP9SGNoQ2pWwn']
Lil Uzi Vert	Migos	1	['4Km5HrUvYTaSUfiSGPJeQR']
Mau y Ricky	Sebastian Yatra	1	['7uQmJ1jgNzBpATSoWKSPFu']
6ix9ine	DJ SpinKing	1	['6kp0inxIexxSiDJfWqq0ZL']
6ix9ine	Young Thug	1	['1Y500yrabUJY2mIQS3RDt4']
Tory Lanez	Young Thug	1	['1Y500yrabUJY2mIQS3RDt4']
DJ RD	MC MM	1	['68uKHxQzoY6gd7YSKJf21J']
Kirsty MacColl	The Pogues	1	['3VTNVsTTu05dmTsVFrmGpK']
Cardi B	Meek Mill	1	['3DnZfpfe8wLeJgzc00gKeW']
Lil Pump	Tee Grizzley	1	['2VKf0WEOpq06JE5PTNr9wa']
Jesse	Swae Lee	1	['61sqsOPon94ecMskeEXwev']
Jesse	benny blanco	1	['61sqsOPon94ecMskeEXwev']
Swae Lee	benny blanco	1	['61sqsOPon94ecMskeEXwev']
Beyoncé	J Balvin	1	['7fwXWKdDNI5IutOMc5OKYw']
Beyoncé	Willy William	1	['7fwXWKdDNI5IutOMc5OKYw']
Future	James Blake	1	['51rXHuKN8Loc4sUlKPODgH']
Future	Jay Rock	1	['51rXHuKN8Loc4sUlKPODgH']
Future	Kendrick Lamar	1	['51rXHuKN8Loc4sUlKPODgH']
James Blake	Jay Rock	1	['51rXHuKN8Loc4sUlKPODgH']
James Blake	Kendrick Lamar	1	['51rXHuKN8Loc4sUlKPODgH']
Jay Rock	Kendrick Lamar	1	['51rXHuKN8Loc4sUlKPODgH']
Justin Jesso	Kygo	1	['0Zbbxnx4SGGHoIow4PpISP']
Maluma	Shakira	1	['7DrluKkTviBwCc8AV3VGmf']
Gzuz	Veysel	1	['6XjEOPgbgHKcaHcunEHSJJ']
Anitta	DJ Yuri Martins	1	['6u0EAxf1OJTLS7CvInuNd7']
Anitta	Maejor	1	['6u0EAxf1OJTLS7CvInuNd7']
Anitta	Mc Zaac	1	['6u0EAxf1OJTLS7CvInuNd7']
Anitta	Tropkillaz	1	['6u0EAxf1OJTLS7CvInuNd7']
DJ Yuri Martins	Maejor	1	['6u0EAxf1OJTLS7CvInuNd7']
DJ Yuri Martins	Mc Zaac	1	['6u0EAxf1OJTLS7CvInuNd7']
DJ Yuri Martins	Tropkillaz	1	['6u0EAxf1OJTLS7CvInuNd7']
Maejor	Mc Zaac	1	['6u0EAxf1OJTLS7CvInuNd7']
Maejor	Tropkillaz	1	['6u0EAxf1OJTLS7CvInuNd7']
Mc Zaac	Tropkillaz	1	['6u0EAxf1OJTLS7CvInuNd7']
A$AP Rocky	Cardi B	1	['2DQ1ITjI0YoLFzuADN1ZBW']
A$AP Rocky	G-Eazy	1	['2DQ1ITjI0YoLFzuADN1ZBW']
Cardi B	G-Eazy	1	['2DQ1ITjI0YoLFzuADN1ZBW']
G-Eazy	Halsey	1	['5k38wzpLb15YgncyWdTZE4']
Juice WRLD	Trippie Redd	1	['75lcPkAkUsKWHGBlGM476R']
CADE	Cheat Codes	1	['1NDxZ7cFAo481dtYWdrUnR']
CADE	Maggie Lindemann	1	['1NDxZ7cFAo481dtYWdrUnR']
Cheat Codes	Maggie Lindemann	1	['1NDxZ7cFAo481dtYWdrUnR']
Khalid	Marshmello	1	['7vGuf3Y35N4wmASOKLUVVU']
Bad Bunny	Marc Anthony	1	['2wRkBumdItthjYP9XknImg']
Bad Bunny	Will Smith	1	['2wRkBumdItthjYP9XknImg']
Marc Anthony	Will Smith	1	['2wRkBumdItthjYP9XknImg']
Maluma	Wolfine	1	['0SaYeGhSXN0dDWstyNTQ56']
Dalmata	Sebastian Yatra	1	['5TmZYdHW6HJ9gt7Aokuql5']
A Boogie Wit da Hoodie	Juice WRLD	1	['3L19besdNQzd342qL78xqm']
Jay Electronica	Justin Bieber	1	['0sPJELXHyWpFgkxlzvvRFI']
Jay Electronica	Poo Bear	1	['0sPJELXHyWpFgkxlzvvRFI']
Justin Bieber	Poo Bear	1	['0sPJELXHyWpFgkxlzvvRFI']
Metro Boomin	Young Thug	1	['27P4XoNXXEV4lTc3sB61RK']
Travis Scott	Young Thug	1	['27P4XoNXXEV4lTc3sB61RK']
Khalid	Martin Garrix	1	['3nc420PXjTdBV5TN0gCFkS']
Charlie Puth	G-Eazy	1	['3qk4wRMDlaeagZGjSYbsOV']
Bad Bunny	Prince Royce	1	['5hcisvFMidkMJlElTO9Qmw']
DJ Luian	J Balvin	1	['5hcisvFMidkMJlElTO9Qmw']
J Balvin	Mambo Kingz	1	['5hcisvFMidkMJlElTO9Qmw']
J Balvin	Prince Royce	1	['5hcisvFMidkMJlElTO9Qmw']
A Boogie Wit da Hoodie	Maroon 5	1	['0SvxydoxEEkXt9aMAqTfpB']
Brooks	David Guetta	1	['6RnkFd8Fqqgk1Uni8RgqCQ']
Brooks	Martin Garrix	1	['6RnkFd8Fqqgk1Uni8RgqCQ']
Ashanti	Lil Wayne	1	['6wqWfSOZvTK18SAczoYm1L']
Ashanti	Mack Maine	1	['6wqWfSOZvTK18SAczoYm1L']
Lil Wayne	Mack Maine	1	['6wqWfSOZvTK18SAczoYm1L']
Brendon Urie	Juice WRLD	1	['1KVczjazCcCCgM3gXXUl47']
Brendon Urie	benny blanco	1	['1KVczjazCcCCgM3gXXUl47']
Juice WRLD	benny blanco	1	['1KVczjazCcCCgM3gXXUl47']
Ed Sheeran	Future	1	['2x0WlnmfG39ZuDmstl9xfX']
Ed Sheeran	Taylor Swift	1	['2x0WlnmfG39ZuDmstl9xfX']
Future	Taylor Swift	1	['2x0WlnmfG39ZuDmstl9xfX']
DJ Snake	Lauv	1	['0Wv5wuenRLI3BcwgT3HPIP']
BloodPop®	Justin Bieber	1	['7nZmah2llfvLDiUjm0kiyz']
Afrojack	Charli XCX	1	['0tPQPaOKM32WgMSbPCYyRH']
Afrojack	David Guetta	1	['0tPQPaOKM32WgMSbPCYyRH']
Afrojack	French Montana	1	['0tPQPaOKM32WgMSbPCYyRH']
Charli XCX	David Guetta	1	['0tPQPaOKM32WgMSbPCYyRH']
Charli XCX	French Montana	1	['0tPQPaOKM32WgMSbPCYyRH']
David Guetta	French Montana	1	['0tPQPaOKM32WgMSbPCYyRH']
Nicky Jam	Shakira	1	['70lnL3QaSOIIyMa2X9aVRL']
Jaden	Young Thug	1	['1Jl21sidRpEdlVBvYbssLx']
Lil Wayne	XXXTENTACION	1	['5BQrp63SHCVf4bzCzJePne']
Bad Bunny	Drake	1	['116H0KvKr2Zl4RPuVBruDO']
21 Savage	Offset	1	['5u6vkDnOyaf8LsteDAj2ub']
Era Istrefi	Nicky Jam	1	['4DnHUy01jEA4b5ydC3HgsT']
Era Istrefi	Will Smith	1	['4DnHUy01jEA4b5ydC3HgsT']
Nicky Jam	Will Smith	1	['4DnHUy01jEA4b5ydC3HgsT']
Nicki Minaj	Post Malone	1	['6IaieqiCVvsNvEt6Y7yOFa']
Hugh Jackman	Michelle Williams	1	['0RoA7ObU6phWpqhlC9zH4Z']
Hugh Jackman	Ziv Zaifman	1	['0RoA7ObU6phWpqhlC9zH4Z']
Michelle Williams	Ziv Zaifman	1	['0RoA7ObU6phWpqhlC9zH4Z']
J Balvin	KAROL G	1	['38QmUDpkoYlNbMKvpvAsrE']
KAROL G	Nicky Jam	1	['38QmUDpkoYlNbMKvpvAsrE']
Eminem	"Royce Da 5'9"""	1	['28FGV3ORH14MYORd7s5dlU']
Bebe Rexha	Machine Gun Kelly	1	['0OI7AFifLSoGzpb8bdBLLV']
Bebe Rexha	X Ambassadors	1	['0OI7AFifLSoGzpb8bdBLLV']
Machine Gun Kelly	X Ambassadors	1	['0OI7AFifLSoGzpb8bdBLLV']
Kanye West	Lil Pump	1	['4S8d14HvHb70ImctNgVzQQ']
Macklemore	Skylar Grey	1	['0CokSRCu5hZgPxcZBaEzVE']
DJ A1	YBN Nahmir	1	['00gpGR84M27moP7AFuqHIx']
A$AP Rocky	Skepta	1	['7ycWLEP1GsNjVvcjawXz3z']
Dynoro	Gigi D'Agostino	1	['0E9ZjEAyAwOXZ7wJC0PD33']
A$AP Rocky	FKA twigs	1	['1AqemxWsT0iGg5Lvkm16Bt']
Lil Yachty	Playboi Carti	1	['3m2aDCqn8eT5ElXDUiboGU']
Bing Crosby	John Scott Trotter & His Orchestra	1	['4so0Wek9Ig1p6CRCHuINwW']
Bing Crosby	Ken Darby Singers	1	['4so0Wek9Ig1p6CRCHuINwW']
John Scott Trotter & His Orchestra	Ken Darby Singers	1	['4so0Wek9Ig1p6CRCHuINwW']
Vince Staples	Yugen Blakrok	1	['7bUcBztfGqO7cSI2gMZeCI']
2 Chainz	Saudi	1	['4LmAnpjlhWTahvRkYR8xJa']
2 Chainz	ScHoolboy Q	1	['4LmAnpjlhWTahvRkYR8xJa']
Saudi	ScHoolboy Q	1	['4LmAnpjlhWTahvRkYR8xJa']
Coldplay	The Chainsmokers	1	['6RUKPb4LETWmmr3iAEQktW']
Anuel AA	Zion	1	['6XBjCetHKdO5L9cwMDVffw']
Miguel	Travis Scott	1	['5WoaF1B5XIEnWfmb5NZikf']
Nicki Minaj	Tyga	1	['4hXDobvUaXyDFLnmecoY0z']
KIDS SEE GHOSTS	Yasiin Bey	1	['2I3dW2dCBZAJGj5X21E53k']
Julia Michaels	Shawn Mendes	1	['5QskYLFPX9y7pLU0VEMNbr']
BLACKPINK	Dua Lipa	1	['13hvHEstJ4sNbzdroPrPI3']
Liam Payne	Quavo	1	['6EpRaXYhGOB3fj4V2uDkMJ']
Clean Bandit	Luis Fonsi	1	['1fLhGF1JfGQYj6EZLndD86']
Clean Bandit	MARINA	1	['1fLhGF1JfGQYj6EZLndD86']
Luis Fonsi	MARINA	1	['1fLhGF1JfGQYj6EZLndD86']
Lil Uzi Vert	Playboi Carti	1	['2BJSMvOGABRxokHKB0OI8i']
Daniel Everidge	Hugh Jackman	1	['5xNUR50KxswPRAvx7S163g']
Daniel Everidge	Keala Settle	1	['5xNUR50KxswPRAvx7S163g']
Daniel Everidge	The Greatest Showman Ensemble	1	['5xNUR50KxswPRAvx7S163g']
Daniel Everidge	Zendaya	1	['5xNUR50KxswPRAvx7S163g']
21 Savage	Ty Dolla $ign	1	['1u0CD4fcBUB1xrG9fNgejh']
B-Case	Belinda	1	['3xWEI23MLJrD0dpDcDUTW6']
B-Case	Juan Magán	1	['3xWEI23MLJrD0dpDcDUTW6']
B-Case	Manuel Turizo	1	['3xWEI23MLJrD0dpDcDUTW6']
B-Case	Snova	1	['3xWEI23MLJrD0dpDcDUTW6']
Belinda	Juan Magán	1	['3xWEI23MLJrD0dpDcDUTW6']
Belinda	Manuel Turizo	1	['3xWEI23MLJrD0dpDcDUTW6']
Belinda	Snova	1	['3xWEI23MLJrD0dpDcDUTW6']
Juan Magán	Manuel Turizo	1	['3xWEI23MLJrD0dpDcDUTW6']
Juan Magán	Snova	1	['3xWEI23MLJrD0dpDcDUTW6']
Manuel Turizo	Snova	1	['3xWEI23MLJrD0dpDcDUTW6']
Frenna	Lil Kleine	1	['4kuexchmxuc5NXmokfo1WH']
Natti Natasha	Ozuna	1	['6Za3190Sbw39BBC77WSS1C']
Juice WRLD	Lil Uzi Vert	1	['3obgSF06ki98lYNLNq5vCB']
Post Malone	Quavo	1	['3a1lNhkSLSkpJE4MSHpDu9']
Arthur Hanlon	Ozuna	1	['1AVu7Kc2MRrLfOG1RCEf07']
Anuel AA	Fabolous	1	['2tnlNVAhuQGgoFJxALVeXx']
Anuel AA	Meek Mill	1	['2tnlNVAhuQGgoFJxALVeXx']
Fabolous	Meek Mill	1	['2tnlNVAhuQGgoFJxALVeXx']
Avicii	Rita Ora	1	['2OALaHcDdKkjYEpAr0Qzab']
Kendrick Lamar	Zacari	1	['6PGoSes0D9eUDeeAafB2As']
Gringo	Gzuz	1	['4Nip6oiJU24LqcUEi7u19S']
Gringo	KitschKrieg	1	['4Nip6oiJU24LqcUEi7u19S']
Gringo	Trettmann	1	['4Nip6oiJU24LqcUEi7u19S']
Gringo	Ufo361	1	['4Nip6oiJU24LqcUEi7u19S']
Gzuz	KitschKrieg	1	['4Nip6oiJU24LqcUEi7u19S']
Gzuz	Trettmann	1	['4Nip6oiJU24LqcUEi7u19S']
Gzuz	Ufo361	1	['4Nip6oiJU24LqcUEi7u19S']
KitschKrieg	Trettmann	1	['4Nip6oiJU24LqcUEi7u19S']
KitschKrieg	Ufo361	1	['4Nip6oiJU24LqcUEi7u19S']
Trettmann	Ufo361	1	['4Nip6oiJU24LqcUEi7u19S']
Louis The Child	Wafia	1	['447yWcDPg1ddgcHBLGpJC0']
Lil Wayne	Nivea	1	['7cG6SxmQ24hQWnR8UThrk2']
Ariana Grande	Missy Elliott	1	['4b7mLZQWsy0rLnrMtPA9fQ']
Kygo	Miguel	1	['6xTU6B6nFwKKTSZ9ySXS80']
Diplo	Ellie Goulding	1	['5JEx7HbmvHQQswJCsoo9rA']
Diplo	Swae Lee	1	['5JEx7HbmvHQQswJCsoo9rA']
Ellie Goulding	Swae Lee	1	['5JEx7HbmvHQQswJCsoo9rA']
Capo Plaza	DrefGold	1	['093RgZ7RXHZwIrxZhZYX4Q']
Capo Plaza	Sfera Ebbasta	1	['093RgZ7RXHZwIrxZhZYX4Q']
Capital Bra	Eno	1	['6Yocr5JJOjupv71R5uhye5']
Capital Bra	Luciano	1	['6Yocr5JJOjupv71R5uhye5']
Eno	Luciano	1	['6Yocr5JJOjupv71R5uhye5']
David Guetta	Jamie Scott	1	['0OlnLZY4cmQzT6ZGttvWBM']
David Guetta	Romy Dya	1	['0OlnLZY4cmQzT6ZGttvWBM']
Jamie Scott	Martin Garrix	1	['0OlnLZY4cmQzT6ZGttvWBM']
Jamie Scott	Romy Dya	1	['0OlnLZY4cmQzT6ZGttvWBM']
Martin Garrix	Romy Dya	1	['0OlnLZY4cmQzT6ZGttvWBM']
Bad Bunny	Cosculluela	1	['0r9d60ZYPAlFHq8qnUtkXN']
Elley Duhé	Zedd	1	['4keoy2fqgwGnbWlm3ZVZFa']
Camila Cabello	Pharrell Williams	1	['6XlSyYFTU1nodeWwwzVgTV']
Capital Bra	Juju	1	['5d35jcJj7WjDQBOHCHPY6t']
Logic	Wiz Khalifa	1	['0jqBo5RYn008f4ZY8kPewW']
Anitta	Jeon	1	['6MNGxu8MprKGkchUchkJsy']
J Balvin	Jeon	1	['6MNGxu8MprKGkchUchkJsy']
Lil Wayne	Sosamann	1	['3JX0dOCIAiaR8MP3ryXWuM']
21 Savage	Migos	1	['4BHzHISX21PYwGXiBEUQ70']
Bad Bunny	Natti Natasha	1	['6U2NuJILEOEpW2tVCuqKHb']
Becky G	Daddy Yankee	1	['6U2NuJILEOEpW2tVCuqKHb']
Daddy Yankee	Natti Natasha	1	['6U2NuJILEOEpW2tVCuqKHb']
Andrez Babii	Judah	1	['14boA065HMHWvqyPPEeN4y']
Andrez Babii	Rio Santana	1	['14boA065HMHWvqyPPEeN4y']
Andrez Babii	XXXTENTACION	1	['14boA065HMHWvqyPPEeN4y']
Judah	Rio Santana	1	['14boA065HMHWvqyPPEeN4y']
Judah	XXXTENTACION	1	['14boA065HMHWvqyPPEeN4y']
Rio Santana	XXXTENTACION	1	['14boA065HMHWvqyPPEeN4y']
PnB Rock	XXXTENTACION	1	['6rAGFgcGtlIdYxlhDizXNo']
Lil Wayne	Swizz Beatz	1	['3wScL5W8H40zzCKN0atfBk']
Justin Quiles	Zion & Lennox	1	['5bITfqKGaPakO1l99hOMsI']
J Balvin	Jowell & Randy	1	['693iqPOQvhI7PobtR8CC8v']
Diplo	Dua Lipa	1	['5N4erncE7kuUccm7zEmwzk']
Diplo	Mark Ronson	1	['5N4erncE7kuUccm7zEmwzk']
Diplo	Silk City	1	['5N4erncE7kuUccm7zEmwzk']
Dua Lipa	Mark Ronson	1	['5N4erncE7kuUccm7zEmwzk']
Dua Lipa	Silk City	1	['5N4erncE7kuUccm7zEmwzk']
Mark Ronson	Silk City	1	['5N4erncE7kuUccm7zEmwzk']
(G)I-DLE	Jaira Burns	1	['5sbooPcNgIE22DwO0VNGUJ']
(G)I-DLE	K/DA	1	['5sbooPcNgIE22DwO0VNGUJ']
(G)I-DLE	League of Legends	1	['5sbooPcNgIE22DwO0VNGUJ']
(G)I-DLE	Madison Beer	1	['5sbooPcNgIE22DwO0VNGUJ']
Jaira Burns	K/DA	1	['5sbooPcNgIE22DwO0VNGUJ']
Jaira Burns	League of Legends	1	['5sbooPcNgIE22DwO0VNGUJ']
Jaira Burns	Madison Beer	1	['5sbooPcNgIE22DwO0VNGUJ']
K/DA	League of Legends	1	['5sbooPcNgIE22DwO0VNGUJ']
K/DA	Madison Beer	1	['5sbooPcNgIE22DwO0VNGUJ']
League of Legends	Madison Beer	1	['5sbooPcNgIE22DwO0VNGUJ']
Beyoncé	Ed Sheeran	1	['1bhUWB0zJMIKr9yVPrkEuI']
Jonas Blue	William Singe	1	['0NiXXAI876aGImAd6rTj8w']
Beyoncé	Eminem	1	['5PIBgH1cUFwu5IiUk9tnN9']
Julia Michaels	Lauv	1	['2hnxrRNzF74mdDzpQZQukQ']
Joey Bada$$	XXXTENTACION	1	['7J2gyNghNTzl4EsLhXp01Q']
Bad Bunny	Cardi B	1	['58q2HKrzhC3ozto2nDdN4z']
Cardi B	J Balvin	1	['58q2HKrzhC3ozto2nDdN4z']
Lil Wayne	Reginae Carter	1	['05r1GGg1Rhs0RcUg27C82a']
A$AP Rocky	BlocBoy JB	1	['3ZYwSDF9knZI0RVlKR4PHC']
KAROL G	Maluma	1	['1mT47pKLXUwPYGwB91GcNz']
Jonas Blue	Sabrina Carpenter	1	['0RUTnY2B3s05fZuCHsNaUP']
Kesha	Macklemore	1	['2Za1AlJNvksouPPWbXpR2X']
Big Sean	Migos	1	['2KokOIKdw4zZutDil85Ugh']
Big Sean	Travis Scott	1	['2KokOIKdw4zZutDil85Ugh']
Big Sean	Ty Dolla $ign	1	['2KokOIKdw4zZutDil85Ugh']
Migos	Travis Scott	1	['2KokOIKdw4zZutDil85Ugh']
Migos	Ty Dolla $ign	1	['2KokOIKdw4zZutDil85Ugh']
Travis Scott	Ty Dolla $ign	1	['2KokOIKdw4zZutDil85Ugh']
Bonn	Martin Garrix	1	['4ut5G4rgB1ClpMTMfjoIuy']
Fabri Fibra	Salmo	1	['2rgOAX5Cj3pk8JFnaPwJbd']
Paulo Londra	Piso 21	1	['2RVrdr062uLFxXwIxwdXPH']
Loud Luxury	anders	1	['15fZrZhdK0g1BS9sDeW6sD']
Kanye West	Lil Uzi Vert	1	['3DoBTwfr8yi2LN08SBpFkN']
Kanye West	Travis Scott	1	['3DoBTwfr8yi2LN08SBpFkN']
Lil Uzi Vert	Travis Scott	1	['3DoBTwfr8yi2LN08SBpFkN']
B. Swanson Quartet	Frank Sinatra	1	['7inXu0Eaeg02VsM8kHNvzM']
J Balvin	Liam Payne	1	['0Y4hwUppbGc8aIBmiTz30A']
Juice WRLD	Ski Mask The Slump God	1	['74lnM5V6ecvoTPV0fvptx9']
Leslie Grace	Noriel	1	['31M5m42C3EGlbydf9XB5to']
Taylor Swift	ZAYN	1	['3NdDpSvN911VPGivFlV5d0']
David Bowie	Queen	1	['2fuCquhmrzHpu5xcA1ci9x']
Arevi	Brytiago	1	['56CvVCJYRQNWwM4vF4neCD']
Arevi	Darell	1	['56CvVCJYRQNWwM4vF4neCD']
Cardi B	SZA	1	['1f5PNhkNgUpvDEeZfcIlO1']
Bryson Tiller	DJ Khaled	1	['1OAh8uOEOvTDqkKFsKksCi']
Bryson Tiller	Rihanna	1	['1OAh8uOEOvTDqkKFsKksCi']
DJ Khaled	Rihanna	1	['1OAh8uOEOvTDqkKFsKksCi']
Kodak Black	Lil Wayne	1	['4DTpngLjoHj5gFxEZFeD3J']
Lil Yachty	Social House	1	['2Yer0p7uB2lVBUAtANuuQp']
Dua Lipa	Martin Garrix	1	['3ebXMykcMXOcLeJ9xZ17XH']
Avicii	Billy Raffoul	1	['12ip0ceCeszDTDFxDY1AXJ']
Cheat Codes	Little Mix	1	['54l9GJGQ1UCFKe2tzt1Vxt']
Lil Uzi Vert	NAV	1	['790MhTXPFrYkrqCKvpg4t1']
Lil Skies	Wiz Khalifa	1	['1RagpNpkD3KcjXMLGMe99V']
Daya	The Chainsmokers	1	['0QsvXIfqM0zZoerQfsI9lm']
6ix9ine	Capo	1	['4IAVIBh9jbYN30DwpHFMD4']
6ix9ine	Farid Bang	1	['4IAVIBh9jbYN30DwpHFMD4']
6ix9ine	SCH	1	['4IAVIBh9jbYN30DwpHFMD4']
Capo	Farid Bang	1	['4IAVIBh9jbYN30DwpHFMD4']
Capo	SCH	1	['4IAVIBh9jbYN30DwpHFMD4']
Farid Bang	SCH	1	['4IAVIBh9jbYN30DwpHFMD4']
070 Shake	Diddy	1	['5FYu8uBB6E11mepU601601']
070 Shake	Nas	1	['5FYu8uBB6E11mepU601601']
Diddy	Nas	1	['5FYu8uBB6E11mepU601601']
Logic	Young Sinatra	1	['3W4JFzOQdo5J2Wgt9DFg24']
Eminem	Labrinth	1	['38TgLPNHsPzgqri5G4SPun']
Eminem	Nicki Minaj	1	['38TgLPNHsPzgqri5G4SPun']
Labrinth	Nicki Minaj	1	['38TgLPNHsPzgqri5G4SPun']
Michael Bublé	The Puppini Sisters	1	['4qBejt9FeqLI9blHI1Nq1x']
Bad Bunny	Nacho	1	['3VClLWqNn80Llv0PJOsKgr']
DJ Luian	Nacho	1	['3VClLWqNn80Llv0PJOsKgr']
DJ Luian	Yandel	1	['3VClLWqNn80Llv0PJOsKgr']
Mambo Kingz	Nacho	1	['3VClLWqNn80Llv0PJOsKgr']
Mambo Kingz	Yandel	1	['3VClLWqNn80Llv0PJOsKgr']
Nacho	Yandel	1	['3VClLWqNn80Llv0PJOsKgr']
NSTASIA	Salmo	1	['2fkVZYFv9hOejIsLzZy8ad']
2 Chainz	Logic	1	['58cvckETahSOG74RP5WE99']
G-Eazy	YBN Nahmir	1	['794QVQtFNy7hvtjQP1keQd']
G-Eazy	Yo Gotti	1	['794QVQtFNy7hvtjQP1keQd']
YBN Nahmir	Yo Gotti	1	['794QVQtFNy7hvtjQP1keQd']
Jaden	Logic	1	['1FmdAhS8FqRoEJ4jcSfuKZ']
Loredana	Mozzik	1	['5UtiebKGhsSce9gX1qCqic']
BTS	Desiigner	1	['7Ed6BkggCS2KaKY5YlINaF']
Desiigner	Steve Aoki	1	['7Ed6BkggCS2KaKY5YlINaF']
Dan Caplen	Jess Glynne	1	['5CLGzJsGqhCEECcpnFQA8x']
Dan Caplen	Macklemore	1	['5CLGzJsGqhCEECcpnFQA8x']
Dan Caplen	Rudimental	1	['5CLGzJsGqhCEECcpnFQA8x']
Jess Glynne	Macklemore	1	['5CLGzJsGqhCEECcpnFQA8x']
Jess Glynne	Rudimental	1	['5CLGzJsGqhCEECcpnFQA8x']
Macklemore	Rudimental	1	['5CLGzJsGqhCEECcpnFQA8x']
Anne-Marie	Marshmello	1	['08bNPGLD8AhKpnnERrAc6G']
Anuel AA	Haze	1	['1LiN0Z98FkR1t0m8KmLcAH']
Anne-Marie	Major Lazer	1	['3D1rlKmZdpYUeMtRRLNawc']
Anne-Marie	Mr Eazi	1	['3D1rlKmZdpYUeMtRRLNawc']
Anne-Marie	Rudimental	1	['3D1rlKmZdpYUeMtRRLNawc']
Major Lazer	Mr Eazi	1	['3D1rlKmZdpYUeMtRRLNawc']
Major Lazer	Rudimental	1	['3D1rlKmZdpYUeMtRRLNawc']
Mr Eazi	Rudimental	1	['3D1rlKmZdpYUeMtRRLNawc']
Chance the Rapper	Lil Wayne	1	['3DXncPQOG4VBw3QHh3S817']
DJ Khaled	Lil Wayne	1	['3DXncPQOG4VBw3QHh3S817']
Justin Bieber	Lil Wayne	1	['3DXncPQOG4VBw3QHh3S817']
Lil Wayne	Quavo	1	['3DXncPQOG4VBw3QHh3S817']
Brett Eldredge	Meghan Trainor	1	['5Q2P43CJra0uRAogjHyJDK']
Calvin Harris	Jessie Reyez	1	['5N5k9nd479b1xpDZ4usjrg']
Calvin Harris	Sam Smith	1	['5N5k9nd479b1xpDZ4usjrg']
Jessie Reyez	Sam Smith	1	['5N5k9nd479b1xpDZ4usjrg']
The Chainsmokers	Winona Oak	1	['4BiiOzZCrXEzHRLYcYFiD5']
Alan Walker	Sophia Somajo	1	['4J4zx8xGJpuGndrVc06KaT']
French Montana	Jason Derulo	1	['2z4pcBLQXF2BXKFvd0BuB6']
Alex Rose	Cazzu	1	['7nD2JPaxIKUdxd2UWgnaGL']
Alex Rose	Lenny Tavárez	1	['7nD2JPaxIKUdxd2UWgnaGL']
Alex Rose	Rauw Alejandro	1	['7nD2JPaxIKUdxd2UWgnaGL']
Cazzu	Lenny Tavárez	1	['7nD2JPaxIKUdxd2UWgnaGL']
Cazzu	Rauw Alejandro	1	['7nD2JPaxIKUdxd2UWgnaGL']
Lenny Tavárez	Rauw Alejandro	1	['7nD2JPaxIKUdxd2UWgnaGL']
Nick Jonas	Robin Schulz	1	['43wzy7JxMEfvCh8ZFeZKYk']
21 Savage	Quavo	1	['3edzl4zvKFi0D3iuF6cs2f']
Rvssian	Sfera Ebbasta	1	['0l8vhDaEztxLCQsFOAX64d']
Bebe Rexha	David Guetta	1	['0YammaEkYSeo9vQYZ1OwS6']
Bebe Rexha	J Balvin	1	['0YammaEkYSeo9vQYZ1OwS6']
David Guetta	J Balvin	1	['0YammaEkYSeo9vQYZ1OwS6']
Gente De Zona	Jesse & Joy	1	['0yyZN5ASdrYu0XYWFzfxUu']
Metro Boomin	WizKid	1	['0McI9sOmkpfd4E72njtU0G']
Swae Lee	WizKid	1	['0McI9sOmkpfd4E72njtU0G']
Kodak Black	XXXTENTACION	1	['40oKW22ZNNkEdZLJTScaQI']
Kendrick Lamar	Lil Wayne	1	['0dbTQYW3Ad1FTzIA9t90E8']
Camilo	Manuel Turizo	1	['0s5DNDV6LAKn2u2Ufa3VjQ']
Camilo	Mau y Ricky	1	['0s5DNDV6LAKn2u2Ufa3VjQ']
Manuel Turizo	Mau y Ricky	1	['0s5DNDV6LAKn2u2Ufa3VjQ']
Lil Baby	Quavo	1	['69PkhA9q3xCWU2CzoZnLAu']
Bazzi	Camila Cabello	1	['4VUwkH455At9kENOfzTqmF']
Drake	N.E.R.D	1	['739vCwA3EpBSkk3uDsI2wB']
Drake	Rihanna	1	['739vCwA3EpBSkk3uDsI2wB']
N.E.R.D	Rihanna	1	['739vCwA3EpBSkk3uDsI2wB']
Kanye West	Nicki Minaj	1	['1oJ8EDr2pv94IvSd6ZmDgo']
6LACK	J. Cole	1	['4at3d5QWnlibMVN75ECDrp']
Arcangel	Chris Jeday	1	['22eADXu8DfOAUEDw4vU8qy']
Arcangel	J Balvin	1	['22eADXu8DfOAUEDw4vU8qy']
Arcangel	Ozuna	1	['22eADXu8DfOAUEDw4vU8qy']
Chris Jeday	J Balvin	1	['22eADXu8DfOAUEDw4vU8qy']
Chris Jeday	Ozuna	1	['22eADXu8DfOAUEDw4vU8qy']
BTS	Nicki Minaj	1	['03iCbZaM4OkRR4We6wIzvx']
Babes Wodumo	Zacari	1	['76iVOVsliCHlWqKuDnCfhE']
Jason Derulo	Ty Dolla $ign	1	['6kex4EBAj0WHXDKZMEJaaF']
Nicki Minaj	Ty Dolla $ign	1	['6kex4EBAj0WHXDKZMEJaaF']
Gunna	Lil Durk	1	['6PoKfDY78ih5OveWirggRX']
Gunna	NAV	1	['6PoKfDY78ih5OveWirggRX']
Lil Baby	Lil Durk	1	['6PoKfDY78ih5OveWirggRX']
Lil Baby	NAV	1	['6PoKfDY78ih5OveWirggRX']
Lil Durk	NAV	1	['6PoKfDY78ih5OveWirggRX']
Dagny	Seeb	1	['2GGGm4MLQynB3I4E4ycIYC']
Conor Maynard	Kris Kross Amsterdam	1	['3DGar7krWlmrXRFHBcQF6z']
Conor Maynard	The Boy Next Door	1	['3DGar7krWlmrXRFHBcQF6z']
Kris Kross Amsterdam	The Boy Next Door	1	['3DGar7krWlmrXRFHBcQF6z']
Martin Garrix	Troye Sivan	1	['6jA8HL9i4QGzsj6fjoxp8Y']
Lil Pump	Smokepurpp	1	['0ibOcbkp2XG46Do8jcy0bL']
Drake	Meek Mill	1	['2IRZnDFmlqMuOrYOLnZZyc']
Madison Beer	Offset	1	['3WefHNGtjexZvi66ZEx9u4']
John Lennon	The Harlem Community Choir	1	['3zJw3rugfpVrmBeDDnUYzy']
John Lennon	The Plastic Ono Band	1	['3zJw3rugfpVrmBeDDnUYzy']
John Lennon	Yoko Ono	1	['3zJw3rugfpVrmBeDDnUYzy']
The Harlem Community Choir	The Plastic Ono Band	1	['3zJw3rugfpVrmBeDDnUYzy']
The Harlem Community Choir	Yoko Ono	1	['3zJw3rugfpVrmBeDDnUYzy']
The Plastic Ono Band	Yoko Ono	1	['3zJw3rugfpVrmBeDDnUYzy']
Bebe Rexha	Digital Farm Animals	1	['7F9vK8hNFMml4GtHsaXui6']
Bebe Rexha	Louis Tomlinson	1	['7F9vK8hNFMml4GtHsaXui6']
Digital Farm Animals	Louis Tomlinson	1	['7F9vK8hNFMml4GtHsaXui6']
Calvin Harris	Frank Ocean	1	['7tr2za8SQg2CI8EDgrdtNl']
Calvin Harris	Migos	1	['7tr2za8SQg2CI8EDgrdtNl']
Frank Ocean	Migos	1	['7tr2za8SQg2CI8EDgrdtNl']
J Balvin	Zion & Lennox	1	['5qFeMRz4TvetPmzjre9Dq7']
Drake	Gunna	1	['6wWaVoUOzLQJHd3bWAUpdZ']
Alessia Cara	Khalid	1	['5tz69p7tJuGPeMGwNTxYuV']
Alessia Cara	Logic	1	['5tz69p7tJuGPeMGwNTxYuV']
Khalid	Logic	1	['5tz69p7tJuGPeMGwNTxYuV']
6LACK	Offset	1	['6Zisja44KqMZj4GM4UY6Yv']
Anderson .Paak	Kendrick Lamar	1	['1gnwGVoG7V08vMX3hyr90x']
James Arthur	Juicy J	1	['3ZbJMlEL4Kcme0ONRO7Slx']
James Arthur	Marshmello	1	['3ZbJMlEL4Kcme0ONRO7Slx']
Juicy J	Marshmello	1	['3ZbJMlEL4Kcme0ONRO7Slx']
Joey Montana	Sebastian Yatra	1	['5TysCiZtv1HnSWcTcUFusI']
A Boogie Wit da Hoodie	Offset	1	['0jAfdqv18goRTUxm3ilRjb']
A Boogie Wit da Hoodie	Tyga	1	['0jAfdqv18goRTUxm3ilRjb']
Anuel AA	Brytiago	1	['59PYgzOiOjGDzjDT5N5oOX']
Anuel AA	Darell	1	['59PYgzOiOjGDzjDT5N5oOX']
Anuel AA	Ozuna	1	['59PYgzOiOjGDzjDT5N5oOX']
Brytiago	Daddy Yankee	1	['59PYgzOiOjGDzjDT5N5oOX']
Brytiago	Ozuna	1	['59PYgzOiOjGDzjDT5N5oOX']
Daddy Yankee	Darell	1	['59PYgzOiOjGDzjDT5N5oOX']
Daddy Yankee	Ozuna	1	['59PYgzOiOjGDzjDT5N5oOX']
6ix9ine	Lil Baby	1	['4m5Cd9kAbIxg6t9sMrQWtk']
Bad Bunny	Cazzu	1	['2CRbiMK0W14l71SpDKqKZM']
Bad Bunny	Duki	1	['2CRbiMK0W14l71SpDKqKZM']
Bad Bunny	KHEA	1	['2CRbiMK0W14l71SpDKqKZM']
Cazzu	Duki	1	['2CRbiMK0W14l71SpDKqKZM']
Cazzu	KHEA	1	['2CRbiMK0W14l71SpDKqKZM']
Duki	KHEA	1	['2CRbiMK0W14l71SpDKqKZM']
Gucci Mane	Quavo	1	['0TFVOjSvPTjFHkiZZekK5k']
Gucci Mane	Ty Dolla $ign	1	['0TFVOjSvPTjFHkiZZekK5k']
Quavo	Ty Dolla $ign	1	['0TFVOjSvPTjFHkiZZekK5k']
Clean Bandit	Julia Michaels	1	['2xmrfQpmS2iJExTlklLoAL']
Kanye West	Travis Barker	1	['0T6RSXxFhW8dRTWHI604ld']
Kanye West	XXXTENTACION	1	['0T6RSXxFhW8dRTWHI604ld']
Anne-Marie	Clean Bandit	1	['5knuzwU65gJK7IF5yJsuaW']
Anne-Marie	Sean Paul	1	['5knuzwU65gJK7IF5yJsuaW']
Clean Bandit	Sean Paul	1	['5knuzwU65gJK7IF5yJsuaW']
Alan Walker	Digital Farm Animals	1	['5yFSF6qQA1rcLsQRnBsZgb']
Alan Walker	Juliander	1	['5yFSF6qQA1rcLsQRnBsZgb']
Alan Walker	Noah Cyrus	1	['5yFSF6qQA1rcLsQRnBsZgb']
Digital Farm Animals	Juliander	1	['5yFSF6qQA1rcLsQRnBsZgb']
Digital Farm Animals	Noah Cyrus	1	['5yFSF6qQA1rcLsQRnBsZgb']
Juliander	Noah Cyrus	1	['5yFSF6qQA1rcLsQRnBsZgb']
G-Eazy	Post Malone	1	['688QpQAwqsLdBR6lr13wK1']
G-Eazy	YG	1	['688QpQAwqsLdBR6lr13wK1']
Post Malone	YG	1	['688QpQAwqsLdBR6lr13wK1']
Charli XCX	Troye Sivan	1	['05mAIVLkIWc2d1UBYZBCp8']
David Guetta	Justin Bieber	1	['3A7qX2QjDlPnazUsRk5y0M']
Calvin Harris	PARTYNEXTDOOR	1	['2rYyq0b3XWwmWl0k727OVG']
Banx & Ranx	Ella Eyre	1	['1HagMz5nWk1HmevNCBOxF3']
Banx & Ranx	Yxng Bane	1	['1HagMz5nWk1HmevNCBOxF3']
Ella Eyre	Yxng Bane	1	['1HagMz5nWk1HmevNCBOxF3']
Diplo	French Montana	1	['5mqzhMuUpvnMfwNz6iepmO']
Diplo	Lil Pump	1	['5mqzhMuUpvnMfwNz6iepmO']
Diplo	Zhavia Ward	1	['5mqzhMuUpvnMfwNz6iepmO']
French Montana	Lil Pump	1	['5mqzhMuUpvnMfwNz6iepmO']
French Montana	Zhavia Ward	1	['5mqzhMuUpvnMfwNz6iepmO']
Lil Pump	Zhavia Ward	1	['5mqzhMuUpvnMfwNz6iepmO']
Alesso	Florida Georgia Line	1	['5AEtlRudpgdT5FtNiuly6Y']
Alesso	Hailee Steinfeld	1	['5AEtlRudpgdT5FtNiuly6Y']
Alesso	watt	1	['5AEtlRudpgdT5FtNiuly6Y']
Florida Georgia Line	Hailee Steinfeld	1	['5AEtlRudpgdT5FtNiuly6Y']
Florida Georgia Line	watt	1	['5AEtlRudpgdT5FtNiuly6Y']
Hailee Steinfeld	watt	1	['5AEtlRudpgdT5FtNiuly6Y']
6LACK	Khalid	1	['6Hgh47WXVKtXN5zGOu0hjI']
6LACK	Ty Dolla $ign	1	['6Hgh47WXVKtXN5zGOu0hjI']
Khalid	Ty Dolla $ign	1	['6Hgh47WXVKtXN5zGOu0hjI']
Almighty	Bad Bunny	1	['7rwX0O3RlxqqIjQM8evm5E']
Almighty	DJ Luian	1	['7rwX0O3RlxqqIjQM8evm5E']
Almighty	Mambo Kingz	1	['7rwX0O3RlxqqIjQM8evm5E']
Almighty	Ozuna	1	['7rwX0O3RlxqqIjQM8evm5E']
Almighty	Wisin	1	['7rwX0O3RlxqqIjQM8evm5E']
Bad Bunny	Wisin	1	['7rwX0O3RlxqqIjQM8evm5E']
DJ Luian	Ozuna	1	['7rwX0O3RlxqqIjQM8evm5E']
DJ Luian	Wisin	1	['7rwX0O3RlxqqIjQM8evm5E']
Mambo Kingz	Ozuna	1	['7rwX0O3RlxqqIjQM8evm5E']
Mambo Kingz	Wisin	1	['7rwX0O3RlxqqIjQM8evm5E']
Bad Bunny	Enrique Iglesias	1	['2vvdTrdryjsl8DmPIMDWZU']
JAY-Z	Meek Mill	1	['4iQ5gmTAzWfK8JyFC2LBox']
JAY-Z	Rick Ross	1	['4iQ5gmTAzWfK8JyFC2LBox']
Meek Mill	Rick Ross	1	['4iQ5gmTAzWfK8JyFC2LBox']
Calvin Harris	Normani	1	['5xesHO6GLWTrjsKOjAXRmf']
Calvin Harris	WizKid	1	['5xesHO6GLWTrjsKOjAXRmf']
Normani	WizKid	1	['5xesHO6GLWTrjsKOjAXRmf']
Halsey	The Chainsmokers	1	['7BKLCZ1jbUBVqRi2FVlTVw']
Khalid	Swae Lee	1	['5jyyPsIGM2yqkZN9R3TmvN']
Lil Pump	Lil Uzi Vert	1	['7q8cy4uoA2itYATsKeXhcq']
Kygo	Sandro Cavazza	1	['14sOS5L36385FJ3OL8hew4']
Ariana Grande	Liz Gillies	1	['6YJdPrH3i2POzu7hdHIRrb']
John Williams	Mykola Dmytrovych Leontovych	1	['4tHqQMWSqmL6YjXwsqthDI']
Lil Wayne	Snoop Dogg	1	['2AwyHlbA6f641SEkizD5JG']
Liam Payne	Rita Ora	1	['5hM6sP0Gh1jD57drszNueC']
CNCO	Yandel	1	['209gZgcfLq2aUuu51vOWBl']
Felipe Araújo	Ferrugem	1	['5EKHbW7mXcAR4hCyS3YXjb']
6ix9ine	Bobby Shmurda	1	['1jQvUmf16VE9WQCPuK2e8K']
MC Gury	MC L da Vinte	1	['3Hb9kUdm4yf839Fle4RIdT']
Salmo	Sfera Ebbasta	1	['7wC76LWyNxaP3hjGzbWOcN']
KIDS SEE GHOSTS	Ty Dolla $ign	1	['7GRTrWsP3yo2Fx8umJfA1X']
A Boogie Wit da Hoodie	Kodak Black	1	['1f5cbQtDrykjarZVrShaDI']
A$AP Rocky	Kid Cudi	1	['3oHkMCVJyOcjg5FhfLc2Rq']
A$AP Rocky	T.I.	1	['3oHkMCVJyOcjg5FhfLc2Rq']
Kid Cudi	Moby	1	['3oHkMCVJyOcjg5FhfLc2Rq']
Kid Cudi	T.I.	1	['3oHkMCVJyOcjg5FhfLc2Rq']
Moby	T.I.	1	['3oHkMCVJyOcjg5FhfLc2Rq']
Matt Ox	XXXTENTACION	1	['65u1dHQyQyE4y4aN2eDmMF']
Becky G	Paulo Londra	1	['2XXMDz7SPZ4mSFN1PXfHUy']
Shawn Mendes	Zedd	1	['575NJxNUVDqwJGdzBrlLbv']
Swae Lee	Wiz Khalifa	1	['7IBSffWIu7P2MC7kMwy2FM']
Mozzy	REASON	1	['35cOyocq8Gb6UcT0NWeTwn']
Mozzy	Sjava	1	['35cOyocq8Gb6UcT0NWeTwn']
REASON	Sjava	1	['35cOyocq8Gb6UcT0NWeTwn']
Trippie Redd	XXXTENTACION	1	['7AQim7LbvFVZJE3O8TYgf2']
Gunna	Tory Lanez	1	['6bMIExEulvwM2X6zsuiYwr']
Calvin Harris	SZA	1	['0P6AWOA4LG1XOctzaVu5tt']
Drake	Migos	1	['6n4U3TlzUGhdSFbUUhTvLP']
DJ Snake	French Montana	1	['1MUL6DO2gVimj2YrVedubd']
DJ Snake	GASHI	1	['1MUL6DO2gVimj2YrVedubd']
French Montana	GASHI	1	['1MUL6DO2gVimj2YrVedubd']
Julia Michaels	Trippie Redd	1	['2OvV4NjEBRE9v8Oo7QeUCq']
Kendrick Lamar	Travis Scott	1	['5cXg9IQS34FzLVdHhp7hu7']
2 Chainz	Drake	1	['5S1IUPueD0xE0vj4zU3nSf']
2 Chainz	Quavo	1	['5S1IUPueD0xE0vj4zU3nSf']
Blake Shelton	Gwen Stefani	1	['2OQ6a4CfUeYskpTTgyawyJ']
Mitchell Ayres & His Orchestra	Perry Como	1	['2pXpURmn6zC5ZYDMms6fwa']
Mitchell Ayres & His Orchestra	The Fontane Sisters	1	['2pXpURmn6zC5ZYDMms6fwa']
Perry Como	The Fontane Sisters	1	['2pXpURmn6zC5ZYDMms6fwa']
Luis Fonsi	Ozuna	1	['3ao3OVxHlb3C08vAaApUlm']
Anne-Marie	James Arthur	1	['6mQLN3zRtAp6ovjusyYKrV']
Ozuna	Reik	1	['6jA8JUuPCGYjFcgw0AoM5T']
Reik	Wisin	1	['6jA8JUuPCGYjFcgw0AoM5T']
Future	J Balvin	1	['4zWO4gvuFtw6EJZC5FFGlr']
Future	Juan Magán	1	['4zWO4gvuFtw6EJZC5FFGlr']
Future	MC Fioti	1	['4zWO4gvuFtw6EJZC5FFGlr']
Future	Stefflon Don	1	['4zWO4gvuFtw6EJZC5FFGlr']
J Balvin	Juan Magán	1	['4zWO4gvuFtw6EJZC5FFGlr']
J Balvin	MC Fioti	1	['4zWO4gvuFtw6EJZC5FFGlr']
J Balvin	Stefflon Don	1	['4zWO4gvuFtw6EJZC5FFGlr']
Juan Magán	MC Fioti	1	['4zWO4gvuFtw6EJZC5FFGlr']
Juan Magán	Stefflon Don	1	['4zWO4gvuFtw6EJZC5FFGlr']
MC Fioti	Stefflon Don	1	['4zWO4gvuFtw6EJZC5FFGlr']
Cappadonna	GZA	1	['6VDz4m1vEGHDDqQojf1mpc']
Cappadonna	Ghostface Killah	1	['6VDz4m1vEGHDDqQojf1mpc']
Cappadonna	Inspectah Deck	1	['6VDz4m1vEGHDDqQojf1mpc']
Cappadonna	Jackpot Scotty Wotty	1	['6VDz4m1vEGHDDqQojf1mpc']
Cappadonna	Logic	1	['6VDz4m1vEGHDDqQojf1mpc']
Cappadonna	Masta Killa	1	['6VDz4m1vEGHDDqQojf1mpc']
Cappadonna	Method Man	1	['6VDz4m1vEGHDDqQojf1mpc']
Cappadonna	RZA	1	['6VDz4m1vEGHDDqQojf1mpc']
Cappadonna	Raekwon	1	['6VDz4m1vEGHDDqQojf1mpc']
Cappadonna	U-God	1	['6VDz4m1vEGHDDqQojf1mpc']
GZA	Ghostface Killah	1	['6VDz4m1vEGHDDqQojf1mpc']
GZA	Inspectah Deck	1	['6VDz4m1vEGHDDqQojf1mpc']
GZA	Jackpot Scotty Wotty	1	['6VDz4m1vEGHDDqQojf1mpc']
GZA	Logic	1	['6VDz4m1vEGHDDqQojf1mpc']
GZA	Masta Killa	1	['6VDz4m1vEGHDDqQojf1mpc']
GZA	Method Man	1	['6VDz4m1vEGHDDqQojf1mpc']
GZA	RZA	1	['6VDz4m1vEGHDDqQojf1mpc']
GZA	Raekwon	1	['6VDz4m1vEGHDDqQojf1mpc']
GZA	U-God	1	['6VDz4m1vEGHDDqQojf1mpc']
Ghostface Killah	Inspectah Deck	1	['6VDz4m1vEGHDDqQojf1mpc']
Ghostface Killah	Jackpot Scotty Wotty	1	['6VDz4m1vEGHDDqQojf1mpc']
Ghostface Killah	Logic	1	['6VDz4m1vEGHDDqQojf1mpc']
Ghostface Killah	Masta Killa	1	['6VDz4m1vEGHDDqQojf1mpc']
Ghostface Killah	Method Man	1	['6VDz4m1vEGHDDqQojf1mpc']
Ghostface Killah	RZA	1	['6VDz4m1vEGHDDqQojf1mpc']
Ghostface Killah	Raekwon	1	['6VDz4m1vEGHDDqQojf1mpc']
Ghostface Killah	U-God	1	['6VDz4m1vEGHDDqQojf1mpc']
Inspectah Deck	Jackpot Scotty Wotty	1	['6VDz4m1vEGHDDqQojf1mpc']
Inspectah Deck	Logic	1	['6VDz4m1vEGHDDqQojf1mpc']
Inspectah Deck	Masta Killa	1	['6VDz4m1vEGHDDqQojf1mpc']
Inspectah Deck	Method Man	1	['6VDz4m1vEGHDDqQojf1mpc']
Inspectah Deck	RZA	1	['6VDz4m1vEGHDDqQojf1mpc']
Inspectah Deck	Raekwon	1	['6VDz4m1vEGHDDqQojf1mpc']
Inspectah Deck	U-God	1	['6VDz4m1vEGHDDqQojf1mpc']
Jackpot Scotty Wotty	Logic	1	['6VDz4m1vEGHDDqQojf1mpc']
Jackpot Scotty Wotty	Masta Killa	1	['6VDz4m1vEGHDDqQojf1mpc']
Jackpot Scotty Wotty	Method Man	1	['6VDz4m1vEGHDDqQojf1mpc']
Jackpot Scotty Wotty	RZA	1	['6VDz4m1vEGHDDqQojf1mpc']
Jackpot Scotty Wotty	Raekwon	1	['6VDz4m1vEGHDDqQojf1mpc']
Jackpot Scotty Wotty	U-God	1	['6VDz4m1vEGHDDqQojf1mpc']
Logic	Masta Killa	1	['6VDz4m1vEGHDDqQojf1mpc']
Logic	Method Man	1	['6VDz4m1vEGHDDqQojf1mpc']
Logic	RZA	1	['6VDz4m1vEGHDDqQojf1mpc']
Logic	Raekwon	1	['6VDz4m1vEGHDDqQojf1mpc']
Logic	U-God	1	['6VDz4m1vEGHDDqQojf1mpc']
Masta Killa	Method Man	1	['6VDz4m1vEGHDDqQojf1mpc']
Masta Killa	RZA	1	['6VDz4m1vEGHDDqQojf1mpc']
Masta Killa	Raekwon	1	['6VDz4m1vEGHDDqQojf1mpc']
Masta Killa	U-God	1	['6VDz4m1vEGHDDqQojf1mpc']
Method Man	RZA	1	['6VDz4m1vEGHDDqQojf1mpc']
Method Man	Raekwon	1	['6VDz4m1vEGHDDqQojf1mpc']
Method Man	U-God	1	['6VDz4m1vEGHDDqQojf1mpc']
RZA	Raekwon	1	['6VDz4m1vEGHDDqQojf1mpc']
RZA	U-God	1	['6VDz4m1vEGHDDqQojf1mpc']
Raekwon	U-God	1	['6VDz4m1vEGHDDqQojf1mpc']
Beyoncé	DJ Khaled	1	['1W6wxOOYyJyyok8fqYSZ3m']
Beyoncé	Future	1	['1W6wxOOYyJyyok8fqYSZ3m']
Beyoncé	JAY-Z	1	['1W6wxOOYyJyyok8fqYSZ3m']
DJ Khaled	Future	1	['1W6wxOOYyJyyok8fqYSZ3m']
DJ Khaled	JAY-Z	1	['1W6wxOOYyJyyok8fqYSZ3m']
Future	JAY-Z	1	['1W6wxOOYyJyyok8fqYSZ3m']
Cardi B	YG	1	['0CfmNX2TXk7yoJqHJiixnp']
CNCO	Little Mix	1	['5PB8zB1MOZASboLquvinMF']
Empress Of	Khalid	1	['4AhSkRYioEIfGvCV19peYN']
Calvin Harris	benny blanco	1	['5sdb5pMhcK44SSLsj1moUh']
Eminem	Joyner Lucas	1	['60SdxE8apGAxMiRrpbmLY0']
21 Savage	Kodak Black	1	['1HLL8X0LH20F6Z9SLXLIjr']
Kodak Black	Metro Boomin	1	['1HLL8X0LH20F6Z9SLXLIjr']
Logic	Ryan Tedder	1	['6e2PtJYcltVk76nLwxBzRn']
Alan Walker	Au/Ra	1	['1snWlbcbgQpJfknoI30DWG']
Alan Walker	Tomine Harket	1	['1snWlbcbgQpJfknoI30DWG']
Au/Ra	Tomine Harket	1	['1snWlbcbgQpJfknoI30DWG']
Bushido	Capital Bra	1	['78CLZUWhsxIDwObCKOh1fh']
Bushido	Samra	1	['78CLZUWhsxIDwObCKOh1fh']
Capital Bra	Samra	1	['78CLZUWhsxIDwObCKOh1fh']
J Balvin	Maluma	1	['6JjPBQfI2Y8nIjnm65X6Pw']
Maluma	Nicky Jam	1	['6JjPBQfI2Y8nIjnm65X6Pw']
Maluma	Ozuna	1	['6JjPBQfI2Y8nIjnm65X6Pw']
Calvin Harris	Dua Lipa	1	['7ef4DlsgrMEH11cDZd32M6']
21 Savage	A$AP Rocky	1	['1nO2NjuFkGaAWcMdJ1pNrp']
21 Savage	Gucci Mane	1	['1nO2NjuFkGaAWcMdJ1pNrp']
21 Savage	London On Da Track	1	['1nO2NjuFkGaAWcMdJ1pNrp']
A$AP Rocky	Gucci Mane	1	['1nO2NjuFkGaAWcMdJ1pNrp']
A$AP Rocky	London On Da Track	1	['1nO2NjuFkGaAWcMdJ1pNrp']
Gucci Mane	London On Da Track	1	['1nO2NjuFkGaAWcMdJ1pNrp']
Drake	Static Major	1	['4IvenHmD0spfFDOKphoUDp']
Drake	Ty Dolla $ign	1	['4IvenHmD0spfFDOKphoUDp']
Static Major	Ty Dolla $ign	1	['4IvenHmD0spfFDOKphoUDp']
Lil Peep	Marshmello	1	['6VrCmhRBFnuGKmtNfk4jDs']
BlocBoy JB	Drake	1	['4qKcDkK6siZ7Jp1Jb4m0aL']
Future	Young Scooter	1	['2OsDoAzo5SGq10qwmKSQBv']
Juice WRLD	Young Scooter	1	['2OsDoAzo5SGq10qwmKSQBv']
KIDS SEE GHOSTS	Louis Prima	1	['6JyEh4kl9DLwmSAoNDRn5b']
Farruko	Pedro Capó	1	['5iwz1NiezX7WWjnCgY5TH4']
Ina Wroldsen	Jax Jones	1	['6tvQzeCPwOytDlBYCIOY0n']
Maluma	Reik	1	['2zDj4WjbNDmrRL6Z4YjjCA']
Drake	JAY-Z	1	['3Yw09dj3cTXsAzlLjgBfIP']
Big Sean	Calvin Harris	1	['5bcTCxgc7xVfSaMV3RuVke']
Big Sean	Katy Perry	1	['5bcTCxgc7xVfSaMV3RuVke']
Big Sean	Pharrell Williams	1	['5bcTCxgc7xVfSaMV3RuVke']
Calvin Harris	Katy Perry	1	['5bcTCxgc7xVfSaMV3RuVke']
Calvin Harris	Pharrell Williams	1	['5bcTCxgc7xVfSaMV3RuVke']
Katy Perry	Pharrell Williams	1	['5bcTCxgc7xVfSaMV3RuVke']
Big Sean	Logic	1	['5KVciTEfXvpcFHR3RFbtJy']
Juice WRLD	Lil Yachty	1	['5R2rsbwCDXORX2tLfprRmM']
Michael Bublé	Shania Twain	1	['2gbCG4Rt9984UZ7Tc0dIFd']
Bebe Rexha	Cardi B	1	['1YNQscOx6OqBQjxgJVhEeW']
Bebe Rexha	Charli XCX	1	['1YNQscOx6OqBQjxgJVhEeW']
Bebe Rexha	Rita Ora	1	['1YNQscOx6OqBQjxgJVhEeW']
Cardi B	Charli XCX	1	['1YNQscOx6OqBQjxgJVhEeW']
Cardi B	Rita Ora	1	['1YNQscOx6OqBQjxgJVhEeW']
Charli XCX	Rita Ora	1	['1YNQscOx6OqBQjxgJVhEeW']
Keala Settle	Zac Efron	1	['43ay9lQZ5rfNcOOHhRF2cM']
The Greatest Showman Ensemble	Zac Efron	1	['43ay9lQZ5rfNcOOHhRF2cM']
Elley Duhé	Gryffin	1	['4QVS8YCpK71R4FsxSMCjhP']
Daddy Yankee	Nicky Jam	1	['0ERbK7qVqveCaBWIiYCrl3']
Daddy Yankee	Romeo Santos	1	['0ERbK7qVqveCaBWIiYCrl3']
Nicky Jam	Romeo Santos	1	['0ERbK7qVqveCaBWIiYCrl3']
Avicii	Nicky Romero	1	['2bNrvWD9d5Zn9tS8XvcaMk']
Luis Fonsi	Stefflon Don	1	['4178A5NkEjcsGc64jpBO6d']
Sia	ZAYN	1	['1j4kHkkpqZRBwE0A4CN4Yv']
French Montana	Swae Lee	1	['3B54sVLJ402zGa6Xm4YGNe']
Bruno Mars	Cardi B	1	['3Vo4wInECJQuz9BIBMOu8i']
Kanye West	Nas	1	['1vi9adPJiD4d22ybGp25hy']
Lil Uzi Vert	Oh Wonder	1	['2eAZfqOm4EnOF9VvN50Tyc']
Lil Pump	Maluma	1	['2LskIZrCeLxRvCiGP8gxlh']
Lil Pump	Swae Lee	1	['2LskIZrCeLxRvCiGP8gxlh']
Lil Pump	XXXTENTACION	1	['2LskIZrCeLxRvCiGP8gxlh']
Maluma	Swae Lee	1	['2LskIZrCeLxRvCiGP8gxlh']
Maluma	XXXTENTACION	1	['2LskIZrCeLxRvCiGP8gxlh']
Swae Lee	XXXTENTACION	1	['2LskIZrCeLxRvCiGP8gxlh']
Clean Bandit	Zara Larsson	1	['1x5sYLZiu9r5E43kMlt9f8']
Dewain Whitmore	Justin Mylo	1	['7IWTIkiWGWNQyYfOLdMrGD']
Dewain Whitmore	Martin Garrix	1	['7IWTIkiWGWNQyYfOLdMrGD']
Justin Mylo	Martin Garrix	1	['7IWTIkiWGWNQyYfOLdMrGD']
Mark Ronson	Sean Ono Lennon	1	['5KHzV8Gf3aweIMImliFAOs']
Miley Cyrus	Sean Ono Lennon	1	['5KHzV8Gf3aweIMImliFAOs']
Chris Brown	Lil Dicky	1	['10Igtw8bSDyyFs7KIsKngZ']
Huncho Jack	Offset	1	['6urLjX35oXXRYtcH1b3dCh']
Offset	Quavo	1	['6urLjX35oXXRYtcH1b3dCh']
Mac Miller	Miguel	1	['6GnhWMhgJb7uyiiPEiEkDA']
De La Ghetto	Jason Derulo	1	['4QtiVmuA88tPQiCOHZuQ5b']
De La Ghetto	Sofia Reyes	1	['4QtiVmuA88tPQiCOHZuQ5b']
Jason Derulo	Sofia Reyes	1	['4QtiVmuA88tPQiCOHZuQ5b']
Paloma Faith	Sigala	1	['5xzCzOAOfRi4DOttSzvznR']
David Guetta	Jason Derulo	1	['5Xn4IyTtW6FUGIUyWjbUHG']
David Guetta	Nicki Minaj	1	['5Xn4IyTtW6FUGIUyWjbUHG']
David Guetta	Willy William	1	['5Xn4IyTtW6FUGIUyWjbUHG']
Jason Derulo	Willy William	1	['5Xn4IyTtW6FUGIUyWjbUHG']
Nicki Minaj	Willy William	1	['5Xn4IyTtW6FUGIUyWjbUHG']
Abraham Mateo	Christian Daniel	1	['4N1c5rmWOzRmB9SMacr5wB']
Abraham Mateo	Farruko	1	['4N1c5rmWOzRmB9SMacr5wB']
Christian Daniel	Farruko	1	['4N1c5rmWOzRmB9SMacr5wB']
Lil Yachty	Trippie Redd	1	['6tarvNiKnEjYMj1VZhlDqR']
KIDS SEE GHOSTS	Pusha T	1	['3aUFrxO1B8EW63QchEl3wX']
Larry Walsh	Mark Linett	1	['5xlS0QkVrSH7ssEbBgBzbM']
Larry Walsh	Sweet	1	['5xlS0QkVrSH7ssEbBgBzbM']
Larry Walsh	The Beach Boys	1	['5xlS0QkVrSH7ssEbBgBzbM']
Mark Linett	Sweet	1	['5xlS0QkVrSH7ssEbBgBzbM']
Mark Linett	The Beach Boys	1	['5xlS0QkVrSH7ssEbBgBzbM']
Sweet	The Beach Boys	1	['5xlS0QkVrSH7ssEbBgBzbM']
Ab-Soul	Anderson .Paak	1	['4KXwFI9pgJLpUIAc9oSL8j']
Ab-Soul	James Blake	1	['4KXwFI9pgJLpUIAc9oSL8j']
Anderson .Paak	James Blake	1	['4KXwFI9pgJLpUIAc9oSL8j']
DJ Snake	Justin Bieber	1	['4pdPtRcBmOSQDlJ3Fk945m']
Lil Wayne	Rich The Kid	1	['0qFX9pVJQB4lBMxRoFXqGr']
Ariana Grande	Pharrell Williams	1	['4mLkiFppf8Xvem6BSY34qw']
Bastille	Marshmello	1	['2dpaYNEQHiRxtZbfNsse99']
Cardi B	Chance the Rapper	1	['00B7TZ0Xawar6NZ00JFomN']
Alex Sensation	Ozuna	1	['7ofxPmTNMj2GP07g1VZa0O']
Anuel AA	Bantu	1	['4Uy3kNxW2kB8AEoXljEcth']
Anuel AA	Nicki Minaj	1	['4Uy3kNxW2kB8AEoXljEcth']
Bantu	Nicki Minaj	1	['4Uy3kNxW2kB8AEoXljEcth']
Dzeko	Post Malone	1	['4kWO6O1BUXcZmaxitpVUwp']
Dzeko	Preme	1	['4kWO6O1BUXcZmaxitpVUwp']
Dzeko	Tiësto	1	['4kWO6O1BUXcZmaxitpVUwp']
Post Malone	Preme	1	['4kWO6O1BUXcZmaxitpVUwp']
Post Malone	Tiësto	1	['4kWO6O1BUXcZmaxitpVUwp']
Preme	Tiësto	1	['4kWO6O1BUXcZmaxitpVUwp']
Charlie Charles	Ghali	1	['4BGmYEDOK1swwoxTtfmVZD']
Charlie Charles	Sfera Ebbasta	1	['4BGmYEDOK1swwoxTtfmVZD']
Ghali	Sfera Ebbasta	1	['4BGmYEDOK1swwoxTtfmVZD']
Carlos Vives	Sebastian Yatra	1	['0JcNysfWVWaMS7R6vzGB2k']
Juice WRLD	Kodak Black	1	['4KX8vXbouybtUptEyYxtIk']
Capital Bra	Ufo361	1	['0d0d2CuQSQDF7Q7vNhwA3i']
NAV	Travis Scott	1	['6nO3tr47nr2P7f3hXb8JIo']
BloodPop®	Hailee Steinfeld	1	['3towKHKVOXCCcL1fHv6xFO']
Kendrick Lamar	The Weeknd	1	['4ofvoCdXq99vpMZO4Cfp8x']
Lil Wayne	Travis Scott	1	['0CBQ0m3mufWH75LTYB3s6h']
Logic	OneRepublic	1	['1Nj2oBISdFDSF8eDuXcALz']
Cheat Codes	Demi Lovato	1	['1louJpMmzEicAn7lzDalPW']
Anitta	Matheus & Kauan	1	['2Ab1wPTEqulaCGoBak1gUo']
Quavo	Sfera Ebbasta	1	['0dLToDou8YHYJpQltj3Ijy']
Charlie Puth	Selena Gomez	1	['68EMU2RD1ECNeOeJ5qAXCV']
Cardi B	DJ Snake	1	['4w8niZpiMy6qz1mntFA5uM']
Cardi B	Selena Gomez	1	['4w8niZpiMy6qz1mntFA5uM']
DJ Snake	Ozuna	1	['4w8niZpiMy6qz1mntFA5uM']
DJ Snake	Selena Gomez	1	['4w8niZpiMy6qz1mntFA5uM']
Ozuna	Selena Gomez	1	['4w8niZpiMy6qz1mntFA5uM']
Kanye West	Pusha T	1	['5vnuJ8EopkP5dHukpOmT3L']
Bomba Estéreo	Tainy	1	['5LciLoxa1gK70yIUeoHgRx']
Migos	Post Malone	1	['3OnOomd79OjqSYHchCQ6ht']
Anuel AA	KAROL G	1	['6q8Lb50EtqNeeJXXe8mMAH']
Drake	French Montana	1	['04MLEeAMuV9IlHEsD8vF6A']
Carnage	Lil Pump	1	['0AcHbiMs86CCgprvc7E1gs']
Kygo	Selena Gomez	1	['3eR23VReFzcdmS7TYCrhCe']
Anuel AA	Romeo Santos	1	['2cYnZNzFRFK0H7vSNxPsUq']
